dt,region,revenue
2008-01-01,A,1874.65457965948
2008-01-02,A,1886.5109565487
2008-01-03,A,1897.12391130856
2008-01-04,A,1904.69595554869
2008-01-05,A,1900.11954224997
2008-01-06,A,1890.22027242012
2008-01-07,A,1890.04427555993
2008-01-08,A,1897.32195245088
2008-01-09,A,1889.23707815713
2008-01-10,A,1890.22986676045
2008-01-11,A,1886.82494388373
2008-01-12,A,1908.36877452924
2008-01-13,A,1900.70555151357
2008-01-14,A,1886.30713010008
2008-01-15,A,1886.30662920371
2008-01-16,A,1897.37854838069
2008-01-17,A,1890.0781236653
2008-01-18,A,1875.64558148842
2008-01-19,A,1890.41146104258
2008-01-20,A,1881.66688146938
2008-01-21,A,1904.35863248277
2008-01-22,A,1896.35691277902
2008-01-23,A,1902.91539922615
2008-01-24,A,1878.95000626672
2008-01-25,A,1881.99817710823
2008-01-26,A,1883.73496684357
2008-01-27,A,1875.99316570449
2008-01-28,A,1878.93178515226
2008-01-29,A,1869.66359958288
2008-01-30,A,1859.16725367131
2008-01-31,A,1892.23241498267
2008-02-01,A,1890.88207829921
2008-02-02,A,1879.65971795825
2008-02-03,A,1887.21694240617
2008-02-04,A,1881.56594361885
2008-02-05,A,1892.52367364815
2008-02-06,A,1883.0771880983
2008-02-07,A,1895.53919200986
2008-02-08,A,1890.27045250505
2008-02-09,A,1894.60590272122
2008-02-10,A,1902.10273894725
2008-02-11,A,1903.70151576589
2008-02-12,A,1883.65833410330
2008-02-13,A,1885.40699397399
2008-02-14,A,1915.70618018485
2008-02-15,A,1894.09951487987
2008-02-16,A,1910.49912246826
2008-02-17,A,1891.47318128446
2008-02-18,A,1897.48128656984
2008-02-19,A,1910.66541408895
2008-02-20,A,1890.3844034838
2008-02-21,A,1889.96802939126
2008-02-22,A,1893.51475486084
2008-02-23,A,1878.80403577146
2008-02-24,A,1884.54047265605
2008-02-25,A,1895.10607448322
2008-02-26,A,1913.15988257073
2008-02-27,A,1893.28752246896
2008-02-28,A,1879.26175942551
2008-02-29,A,1904.48663761113
2008-03-01,A,1899.62598665757
2008-03-02,A,1883.28301570539
2008-03-03,A,1900.99561983973
2008-03-04,A,1904.24189283184
2008-03-05,A,1903.48531913742
2008-03-06,A,1901.32904828533
2008-03-07,A,1885.74276627717
2008-03-08,A,1864.84056967347
2008-03-09,A,1911.24970799684
2008-03-10,A,1899.61573885009
2008-03-11,A,1899.62852329379
2008-03-12,A,1884.00404242393
2008-03-13,A,1897.38904752750
2008-03-14,A,1891.18519909116
2008-03-15,A,1894.25639316537
2008-03-16,A,1878.06039278739
2008-03-17,A,1880.19261598424
2008-03-18,A,1892.97525004628
2008-03-19,A,1900.26502092062
2008-03-20,A,1893.93912205748
2008-03-21,A,1901.21324640706
2008-03-22,A,1895.45358010911
2008-03-23,A,1902.46222617774
2008-03-24,A,1913.39424271964
2008-03-25,A,1882.47835118145
2008-03-26,A,1893.41441636582
2008-03-27,A,1890.24435826797
2008-03-28,A,1887.01979485261
2008-03-29,A,1910.58219963863
2008-03-30,A,1890.19169540936
2008-03-31,A,1905.30126354373
2008-04-01,A,1904.53094121648
2008-04-02,A,1894.83699052416
2008-04-03,A,1887.23430103769
2008-04-04,A,1894.76611065877
2008-04-05,A,1904.4106091374
2008-04-06,A,1897.52469821103
2008-04-07,A,1890.80507217097
2008-04-08,A,1908.61824422847
2008-04-09,A,1905.39406485917
2008-04-10,A,1889.36664898143
2008-04-11,A,1907.65545503955
2008-04-12,A,1887.7725985333
2008-04-13,A,1905.69739045890
2008-04-14,A,1900.32208411258
2008-04-15,A,1911.34373278317
2008-04-16,A,1898.84169057892
2008-04-17,A,1908.46082463017
2008-04-18,A,1893.22798501938
2008-04-19,A,1894.65586777124
2008-04-20,A,1899.66232771516
2008-04-21,A,1897.71176038800
2008-04-22,A,1908.05465192876
2008-04-23,A,1912.95140303706
2008-04-24,A,1892.53772900299
2008-04-25,A,1904.99071727551
2008-04-26,A,1896.87253991368
2008-04-27,A,1885.53782186487
2008-04-28,A,1914.36092623357
2008-04-29,A,1889.58736435601
2008-04-30,A,1918.19038346585
2008-05-01,A,1882.63372258803
2008-05-02,A,1909.78307609556
2008-05-03,A,1904.44403830082
2008-05-04,A,1901.89882705836
2008-05-05,A,1912.76027765319
2008-05-06,A,1890.66299058973
2008-05-07,A,1897.55007281814
2008-05-08,A,1904.95975541285
2008-05-09,A,1920.80404438396
2008-05-10,A,1891.26891994531
2008-05-11,A,1894.88080282943
2008-05-12,A,1903.12042059087
2008-05-13,A,1886.76920177587
2008-05-14,A,1890.60278236431
2008-05-15,A,1905.55426158091
2008-05-16,A,1901.48575509628
2008-05-17,A,1884.54054891888
2008-05-18,A,1901.99524918365
2008-05-19,A,1910.07269420138
2008-05-20,A,1893.69899927049
2008-05-21,A,1894.19505147292
2008-05-22,A,1900.52984394651
2008-05-23,A,1907.01381911791
2008-05-24,A,1901.85017498716
2008-05-25,A,1885.58541312599
2008-05-26,A,1906.52245844082
2008-05-27,A,1919.25292219880
2008-05-28,A,1911.71308224305
2008-05-29,A,1901.39910013925
2008-05-30,A,1890.39317796728
2008-05-31,A,1913.72975371396
2008-06-01,A,1906.43012223566
2008-06-02,A,1907.79817867540
2008-06-03,A,1892.22705307932
2008-06-04,A,1894.98442404879
2008-06-05,A,1888.98815768233
2008-06-06,A,1904.28657235381
2008-06-07,A,1912.26548309527
2008-06-08,A,1900.83964344882
2008-06-09,A,1901.12459000125
2008-06-10,A,1894.51244113286
2008-06-11,A,1905.17104909182
2008-06-12,A,1895.93300323938
2008-06-13,A,1907.66566220082
2008-06-14,A,1903.80396282412
2008-06-15,A,1907.77508058256
2008-06-16,A,1912.41857393282
2008-06-17,A,1891.8746238503
2008-06-18,A,1878.02242413511
2008-06-19,A,1905.86521938417
2008-06-20,A,1894.38095571013
2008-06-21,A,1894.26515629099
2008-06-22,A,1896.83793032766
2008-06-23,A,1911.35379543267
2008-06-24,A,1897.28392167499
2008-06-25,A,1918.15199052014
2008-06-26,A,1909.78665919389
2008-06-27,A,1910.25152958141
2008-06-28,A,1922.03217175758
2008-06-29,A,1896.36888522513
2008-06-30,A,1901.60291674528
2008-07-01,A,1908.15572290858
2008-07-02,A,1906.37957180169
2008-07-03,A,1922.21493518987
2008-07-04,A,1907.34225935417
2008-07-05,A,1895.10942229980
2008-07-06,A,1912.47971902597
2008-07-07,A,1903.73249703153
2008-07-08,A,1894.47824792036
2008-07-09,A,1892.43012412229
2008-07-10,A,1915.67861500695
2008-07-11,A,1924.27929542276
2008-07-12,A,1919.57006789842
2008-07-13,A,1907.49786962079
2008-07-14,A,1910.58961884161
2008-07-15,A,1893.48302569417
2008-07-16,A,1912.40164319712
2008-07-17,A,1913.70874657414
2008-07-18,A,1911.63696425399
2008-07-19,A,1915.83980288003
2008-07-20,A,1897.34361656862
2008-07-21,A,1914.87678265889
2008-07-22,A,1898.30591641558
2008-07-23,A,1910.50449572418
2008-07-24,A,1907.43759333072
2008-07-25,A,1918.66069726135
2008-07-26,A,1909.81381930560
2008-07-27,A,1901.8895912653
2008-07-28,A,1914.75225722562
2008-07-29,A,1920.67093123648
2008-07-30,A,1913.193856468
2008-07-31,A,1910.16022438751
2008-08-01,A,1913.93236983277
2008-08-02,A,1896.38974016637
2008-08-03,A,1923.06028454346
2008-08-04,A,1905.52791988827
2008-08-05,A,1908.87118994370
2008-08-06,A,1900.66604681401
2008-08-07,A,1916.95965156851
2008-08-08,A,1903.41156883484
2008-08-09,A,1896.74387681327
2008-08-10,A,1910.98163294287
2008-08-11,A,1919.85764487124
2008-08-12,A,1907.21879941971
2008-08-13,A,1892.29787429589
2008-08-14,A,1917.30047292557
2008-08-15,A,1897.51084142650
2008-08-16,A,1930.15079877513
2008-08-17,A,1916.31784117811
2008-08-18,A,1905.33482010102
2008-08-19,A,1898.78037619718
2008-08-20,A,1918.24434687246
2008-08-21,A,1922.66329024413
2008-08-22,A,1902.68388036254
2008-08-23,A,1902.66001167165
2008-08-24,A,1901.42250152452
2008-08-25,A,1916.15188622631
2008-08-26,A,1918.48733759876
2008-08-27,A,1919.62574867809
2008-08-28,A,1909.47154956990
2008-08-29,A,1917.77439141641
2008-08-30,A,1915.22535475101
2008-08-31,A,1908.31616145455
2008-09-01,A,1911.27905179314
2008-09-02,A,1908.21003157414
2008-09-03,A,1890.21740911607
2008-09-04,A,1917.754375159
2008-09-05,A,1917.87612815623
2008-09-06,A,1914.47356270718
2008-09-07,A,1922.82142496840
2008-09-08,A,1901.86466417131
2008-09-09,A,1920.22686744172
2008-09-10,A,1919.80493435344
2008-09-11,A,1911.73522088995
2008-09-12,A,1914.32720423668
2008-09-13,A,1904.63773948702
2008-09-14,A,1908.42075354768
2008-09-15,A,1912.42163203415
2008-09-16,A,1905.11771585657
2008-09-17,A,1904.44657803395
2008-09-18,A,1899.41552106796
2008-09-19,A,1894.43232364610
2008-09-20,A,1917.72622513705
2008-09-21,A,1915.95364936833
2008-09-22,A,1914.96071049683
2008-09-23,A,1911.97149498415
2008-09-24,A,1903.89715182777
2008-09-25,A,1919.34268840856
2008-09-26,A,1905.46855959708
2008-09-27,A,1932.29018942151
2008-09-28,A,1912.29595797506
2008-09-29,A,1910.6043275037
2008-09-30,A,1887.14430585539
2008-10-01,A,1908.79754674965
2008-10-02,A,1918.99534845819
2008-10-03,A,1916.77449503494
2008-10-04,A,1908.17766161599
2008-10-05,A,1913.82361305866
2008-10-06,A,1931.95856232894
2008-10-07,A,1925.49119637824
2008-10-08,A,1941.14159790444
2008-10-09,A,1908.38906089545
2008-10-10,A,1911.49113390472
2008-10-11,A,1919.41854605975
2008-10-12,A,1911.10704883601
2008-10-13,A,1904.52294608085
2008-10-14,A,1912.21647952413
2008-10-15,A,1914.44518470194
2008-10-16,A,1919.0373291474
2008-10-17,A,1915.76949430901
2008-10-18,A,1931.78499013463
2008-10-19,A,1910.57314106233
2008-10-20,A,1921.83047262212
2008-10-21,A,1927.19448408404
2008-10-22,A,1925.34820698538
2008-10-23,A,1894.05946188795
2008-10-24,A,1913.43246607851
2008-10-25,A,1908.36787121043
2008-10-26,A,1911.11473433841
2008-10-27,A,1924.78143402006
2008-10-28,A,1923.55468107545
2008-10-29,A,1921.67235937373
2008-10-30,A,1940.24206335180
2008-10-31,A,1921.06097591399
2008-11-01,A,1925.20737143677
2008-11-02,A,1913.36110777807
2008-11-03,A,1914.39281175307
2008-11-04,A,1903.68857723452
2008-11-05,A,1907.62509323687
2008-11-06,A,1919.38800723377
2008-11-07,A,1922.98599483037
2008-11-08,A,1904.77080380697
2008-11-09,A,1894.44567119901
2008-11-10,A,1928.17974173704
2008-11-11,A,1926.31501235972
2008-11-12,A,1931.70326031671
2008-11-13,A,1929.35333834751
2008-11-14,A,1904.54338767603
2008-11-15,A,1919.29144343888
2008-11-16,A,1914.67500229897
2008-11-17,A,1930.97473545618
2008-11-18,A,1934.68603697302
2008-11-19,A,1902.64102550389
2008-11-20,A,1911.85766601277
2008-11-21,A,1918.55768877393
2008-11-22,A,1917.34278748658
2008-11-23,A,1895.40645208348
2008-11-24,A,1906.42313617127
2008-11-25,A,1928.02211162215
2008-11-26,A,1912.11518912925
2008-11-27,A,1920.82056384723
2008-11-28,A,1934.07891845978
2008-11-29,A,1920.26702183045
2008-11-30,A,1926.03355845237
2008-12-01,A,1918.92565377770
2008-12-02,A,1922.67404898358
2008-12-03,A,1910.24542168064
2008-12-04,A,1928.85152429639
2008-12-05,A,1916.84845470871
2008-12-06,A,1921.40517482696
2008-12-07,A,1901.94958743116
2008-12-08,A,1944.35772683078
2008-12-09,A,1922.80108775033
2008-12-10,A,1914.72700499825
2008-12-11,A,1925.94508215686
2008-12-12,A,1917.61331500576
2008-12-13,A,1930.84736620141
2008-12-14,A,1919.49903688188
2008-12-15,A,1910.53269755895
2008-12-16,A,1924.09623374274
2008-12-17,A,1932.12517479779
2008-12-18,A,1919.20121456638
2008-12-19,A,1917.89321903705
2008-12-20,A,1915.85990032827
2008-12-21,A,1925.32300159212
2008-12-22,A,1917.61821471758
2008-12-23,A,1906.68134975598
2008-12-24,A,1907.04403778483
2008-12-25,A,1917.40515167579
2008-12-26,A,1906.15645451719
2008-12-27,A,1922.54623999316
2008-12-28,A,1920.71468468058
2008-12-29,A,1895.14111869942
2008-12-30,A,1916.17659941362
2008-12-31,A,1928.60778097653
2009-01-01,A,1918.99276010469
2009-01-02,A,1928.71193021673
2009-01-03,A,1940.64447555950
2009-01-04,A,1926.44235840193
2009-01-05,A,1932.96599781924
2009-01-06,A,1933.38237742101
2009-01-07,A,1911.27705358042
2009-01-08,A,1931.64555138502
2009-01-09,A,1921.50305508733
2009-01-10,A,1921.37674501493
2009-01-11,A,1915.17593237639
2009-01-12,A,1933.11153736622
2009-01-13,A,1907.63607129823
2009-01-14,A,1916.15289531392
2009-01-15,A,1930.27458103220
2009-01-16,A,1924.30442093518
2009-01-17,A,1919.21925398454
2009-01-18,A,1905.30424767471
2009-01-19,A,1944.51016667288
2009-01-20,A,1910.91392157427
2009-01-21,A,1929.45621567195
2009-01-22,A,1920.52305973898
2009-01-23,A,1929.88309061372
2009-01-24,A,1935.82362562790
2009-01-25,A,1922.87484029073
2009-01-26,A,1917.71383445120
2009-01-27,A,1944.71480259479
2009-01-28,A,1927.35280076291
2009-01-29,A,1926.41432803740
2009-01-30,A,1919.20513762352
2009-01-31,A,1930.48771655232
2009-02-01,A,1919.76617061212
2009-02-02,A,1913.75298675083
2009-02-03,A,1937.96509020243
2009-02-04,A,1942.26012914449
2009-02-05,A,1953.41329409363
2009-02-06,A,1926.24327188648
2009-02-07,A,1940.9124882765
2009-02-08,A,1927.43856460026
2009-02-09,A,1927.17885630049
2009-02-10,A,1907.55949312361
2009-02-11,A,1940.39244383623
2009-02-12,A,1927.69147781160
2009-02-13,A,1915.33268428362
2009-02-14,A,1923.52280385393
2009-02-15,A,1926.56781641774
2009-02-16,A,1918.22482898151
2009-02-17,A,1961.24383872481
2009-02-18,A,1922.86567747473
2009-02-19,A,1931.11733926111
2009-02-20,A,1944.75161549733
2009-02-21,A,1927.78898504021
2009-02-22,A,1939.26550195107
2009-02-23,A,1939.39094569365
2009-02-24,A,1929.96054435708
2009-02-25,A,1932.02673340636
2009-02-26,A,1938.04895848626
2009-02-27,A,1929.92675674523
2009-02-28,A,1924.39099338387
2009-03-01,A,1924.44060179747
2009-03-02,A,1929.97208891621
2009-03-03,A,1916.41286498948
2009-03-04,A,1928.52514855926
2009-03-05,A,1937.58095902731
2009-03-06,A,1946.68135304479
2009-03-07,A,1928.07559185978
2009-03-08,A,1925.81358532909
2009-03-09,A,1927.12658413229
2009-03-10,A,1944.69448328623
2009-03-11,A,1933.63526788590
2009-03-12,A,1933.65173426787
2009-03-13,A,1950.82188618313
2009-03-14,A,1940.29083013001
2009-03-15,A,1917.41642877711
2009-03-16,A,1917.05071656757
2009-03-17,A,1926.89448343615
2009-03-18,A,1942.53546063820
2009-03-19,A,1923.35690568522
2009-03-20,A,1924.07586368638
2009-03-21,A,1931.75328587148
2009-03-22,A,1922.41767620867
2009-03-23,A,1931.15094102632
2009-03-24,A,1939.72832309862
2009-03-25,A,1930.05531207048
2009-03-26,A,1926.04108486362
2009-03-27,A,1934.41316612439
2009-03-28,A,1931.63991198524
2009-03-29,A,1951.55526573231
2009-03-30,A,1912.75693963668
2009-03-31,A,1939.24609435824
2009-04-01,A,1942.61693925796
2009-04-02,A,1935.90053974938
2009-04-03,A,1925.73557665426
2009-04-04,A,1939.80234679006
2009-04-05,A,1929.59669698352
2009-04-06,A,1934.92558673178
2009-04-07,A,1917.89530568454
2009-04-08,A,1925.95844793439
2009-04-09,A,1926.38068805488
2009-04-10,A,1935.46501250444
2009-04-11,A,1934.04382070763
2009-04-12,A,1933.99877523263
2009-04-13,A,1912.9986853343
2009-04-14,A,1932.01172976476
2009-04-15,A,1921.05595161606
2009-04-16,A,1930.90740984579
2009-04-17,A,1926.27648628559
2009-04-18,A,1932.08737102611
2009-04-19,A,1926.13251270536
2009-04-20,A,1938.22008830739
2009-04-21,A,1949.06545642061
2009-04-22,A,1938.52853314217
2009-04-23,A,1933.3242716901
2009-04-24,A,1938.62406556756
2009-04-25,A,1914.20986331361
2009-04-26,A,1925.4807983393
2009-04-27,A,1930.26270376391
2009-04-28,A,1943.76659373621
2009-04-29,A,1943.72834473317
2009-04-30,A,1929.37023768666
2009-05-01,A,1913.61664188582
2009-05-02,A,1922.59366510489
2009-05-03,A,1929.04480929520
2009-05-04,A,1923.00318292198
2009-05-05,A,1938.31914134481
2009-05-06,A,1924.56356840367
2009-05-07,A,1941.38767110387
2009-05-08,A,1934.9589035588
2009-05-09,A,1936.38737668391
2009-05-10,A,1943.39926072532
2009-05-11,A,1937.01025057411
2009-05-12,A,1949.59132457401
2009-05-13,A,1943.27849197216
2009-05-14,A,1942.06351274227
2009-05-15,A,1936.68323227592
2009-05-16,A,1932.37548986222
2009-05-17,A,1926.63041972306
2009-05-18,A,1940.00497498881
2009-05-19,A,1946.59306883677
2009-05-20,A,1956.78083006765
2009-05-21,A,1942.62375076750
2009-05-22,A,1936.59221139161
2009-05-23,A,1944.89691385850
2009-05-24,A,1929.43415253108
2009-05-25,A,1943.66438035546
2009-05-26,A,1947.05351771508
2009-05-27,A,1945.09825580212
2009-05-28,A,1922.68598663672
2009-05-29,A,1940.79223814237
2009-05-30,A,1948.62365887128
2009-05-31,A,1938.23133131411
2009-06-01,A,1930.34206371179
2009-06-02,A,1928.80030832892
2009-06-03,A,1944.95629450331
2009-06-04,A,1926.15820209523
2009-06-05,A,1946.19201412603
2009-06-06,A,1942.26573204543
2009-06-07,A,1932.50563320796
2009-06-08,A,1912.63744056476
2009-06-09,A,1926.94028838755
2009-06-10,A,1949.18339561369
2009-06-11,A,1930.05458080929
2009-06-12,A,1941.76978136823
2009-06-13,A,1937.34867079636
2009-06-14,A,1958.09068647101
2009-06-15,A,1945.24999186862
2009-06-16,A,1937.38621062110
2009-06-17,A,1932.28473367197
2009-06-18,A,1950.83825632456
2009-06-19,A,1936.45503997754
2009-06-20,A,1940.54850855888
2009-06-21,A,1955.28307393861
2009-06-22,A,1917.71539877078
2009-06-23,A,1933.19594799175
2009-06-24,A,1955.45710368227
2009-06-25,A,1944.35498702212
2009-06-26,A,1950.23289939847
2009-06-27,A,1927.65228201123
2009-06-28,A,1918.64045994466
2009-06-29,A,1924.45693151577
2009-06-30,A,1932.41609946542
2009-07-01,A,1925.37210129527
2009-07-02,A,1927.60548361131
2009-07-03,A,1947.75436829001
2009-07-04,A,1936.24545154403
2009-07-05,A,1944.98281945381
2009-07-06,A,1944.20827965709
2009-07-07,A,1946.59936526639
2009-07-08,A,1940.74089945858
2009-07-09,A,1945.76377203581
2009-07-10,A,1927.09170256403
2009-07-11,A,1942.7404750146
2009-07-12,A,1943.41731927943
2009-07-13,A,1951.23390118291
2009-07-14,A,1952.67152277175
2009-07-15,A,1938.67131891100
2009-07-16,A,1930.84690142949
2009-07-17,A,1926.63780454626
2009-07-18,A,1947.30630297201
2009-07-19,A,1937.27304330738
2009-07-20,A,1940.16298622197
2009-07-21,A,1930.96388551260
2009-07-22,A,1940.97858709275
2009-07-23,A,1943.82055888356
2009-07-24,A,1933.09360927719
2009-07-25,A,1961.24876013363
2009-07-26,A,1935.9911983681
2009-07-27,A,1951.309413248
2009-07-28,A,1950.95444762456
2009-07-29,A,1930.63220116438
2009-07-30,A,1956.70911216979
2009-07-31,A,1966.86166707293
2009-08-01,A,1947.28481381212
2009-08-02,A,1937.33145024378
2009-08-03,A,1934.99926527341
2009-08-04,A,1950.99922035159
2009-08-05,A,1945.64687712834
2009-08-06,A,1949.46506062043
2009-08-07,A,1965.62046513306
2009-08-08,A,1938.03055503215
2009-08-09,A,1969.55368962667
2009-08-10,A,1953.47617392626
2009-08-11,A,1938.45304706074
2009-08-12,A,1927.10852320315
2009-08-13,A,1934.92224549707
2009-08-14,A,1943.53411312285
2009-08-15,A,1956.40468601027
2009-08-16,A,1964.04312726668
2009-08-17,A,1951.50014290009
2009-08-18,A,1959.54178198349
2009-08-19,A,1946.08710929442
2009-08-20,A,1944.95786487451
2009-08-21,A,1955.92932265597
2009-08-22,A,1930.59613539478
2009-08-23,A,1956.09734934829
2009-08-24,A,1940.09740125184
2009-08-25,A,1943.50830340798
2009-08-26,A,1934.01116975664
2009-08-27,A,1935.24244447012
2009-08-28,A,1952.95447199899
2009-08-29,A,1929.62862852828
2009-08-30,A,1952.15971800866
2009-08-31,A,1950.41624407971
2009-09-01,A,1946.62679914107
2009-09-02,A,1968.23427451531
2009-09-03,A,1949.50280223189
2009-09-04,A,1958.45214743627
2009-09-05,A,1950.20972015561
2009-09-06,A,1949.58824077095
2009-09-07,A,1949.11522564887
2009-09-08,A,1954.71013988373
2009-09-09,A,1954.76932196001
2009-09-10,A,1949.49690908703
2009-09-11,A,1947.65891595673
2009-09-12,A,1960.20823246471
2009-09-13,A,1954.33458364063
2009-09-14,A,1951.99603725282
2009-09-15,A,1946.03178056026
2009-09-16,A,1956.53059844212
2009-09-17,A,1946.75465870181
2009-09-18,A,1944.53644688221
2009-09-19,A,1944.99483860013
2009-09-20,A,1938.75108957176
2009-09-21,A,1936.08953839161
2009-09-22,A,1949.00220085377
2009-09-23,A,1949.18064068346
2009-09-24,A,1957.16404052689
2009-09-25,A,1939.83499278721
2009-09-26,A,1943.68354055410
2009-09-27,A,1950.11239622914
2009-09-28,A,1945.85398672735
2009-09-29,A,1932.19302234749
2009-09-30,A,1965.02606565284
2009-10-01,A,1949.52830231451
2009-10-02,A,1945.55506513891
2009-10-03,A,1950.73848610892
2009-10-04,A,1953.49907527376
2009-10-05,A,1930.37799661669
2009-10-06,A,1964.95939680184
2009-10-07,A,1944.67438331027
2009-10-08,A,1938.00865652017
2009-10-09,A,1945.14398925688
2009-10-10,A,1956.98305435217
2009-10-11,A,1948.72371146129
2009-10-12,A,1963.10232036096
2009-10-13,A,1948.87015483650
2009-10-14,A,1939.87155624023
2009-10-15,A,1953.24116106442
2009-10-16,A,1944.77405386352
2009-10-17,A,1948.94403165821
2009-10-18,A,1955.75134048295
2009-10-19,A,1956.32319636602
2009-10-20,A,1947.05324856877
2009-10-21,A,1952.02590260231
2009-10-22,A,1958.92305592175
2009-10-23,A,1967.31258318373
2009-10-24,A,1953.13198286954
2009-10-25,A,1950.76615179394
2009-10-26,A,1950.65469308920
2009-10-27,A,1952.60171444191
2009-10-28,A,1952.61588600271
2009-10-29,A,1956.90276173686
2009-10-30,A,1956.66513497736
2009-10-31,A,1978.9174906886
2009-11-01,A,1955.24809872882
2009-11-02,A,1948.96299366243
2009-11-03,A,1940.83316331004
2009-11-04,A,1947.49092454568
2009-11-05,A,1941.34126724326
2009-11-06,A,1963.97753328470
2009-11-07,A,1957.40845703990
2009-11-08,A,1928.42388866352
2009-11-09,A,1949.59713216402
2009-11-10,A,1960.61067123468
2009-11-11,A,1955.79813740929
2009-11-12,A,1955.68423437103
2009-11-13,A,1947.66196168057
2009-11-14,A,1964.59975927886
2009-11-15,A,1964.79682475460
2009-11-16,A,1960.09252396586
2009-11-17,A,1969.80955232562
2009-11-18,A,1946.41258141941
2009-11-19,A,1947.20789489986
2009-11-20,A,1946.56900590051
2009-11-21,A,1939.45615406549
2009-11-22,A,1961.51637020344
2009-11-23,A,1949.08383242507
2009-11-24,A,1953.17509445752
2009-11-25,A,1946.47015952024
2009-11-26,A,1960.22798781400
2009-11-27,A,1964.80041928218
2009-11-28,A,1963.48068482061
2009-11-29,A,1944.30408197304
2009-11-30,A,1964.6467590144
2009-12-01,A,1954.29826367401
2009-12-02,A,1954.43854217622
2009-12-03,A,1956.71792306741
2009-12-04,A,1957.56859149010
2009-12-05,A,1972.58437738301
2009-12-06,A,1947.54190935270
2009-12-07,A,1966.68757236534
2009-12-08,A,1956.831427206
2009-12-09,A,1958.45462235923
2009-12-10,A,1972.25192845271
2009-12-11,A,1951.14440353799
2009-12-12,A,1947.43002152700
2009-12-13,A,1968.74909589730
2009-12-14,A,1947.90659885619
2009-12-15,A,1967.56430231495
2009-12-16,A,1954.38070541385
2009-12-17,A,1959.55290767321
2009-12-18,A,1969.63464207098
2009-12-19,A,1969.71914482749
2009-12-20,A,1963.49380457513
2009-12-21,A,1970.5162989532
2009-12-22,A,1961.96999258415
2009-12-23,A,1961.49222419046
2009-12-24,A,1959.86345243185
2009-12-25,A,1943.46175559674
2009-12-26,A,1945.02214622214
2009-12-27,A,1951.00177928887
2009-12-28,A,1970.33098011106
2009-12-29,A,1966.18686202127
2009-12-30,A,1964.02842466738
2009-12-31,A,1974.28743465917
2010-01-01,A,1960.47683770972
2010-01-02,A,1933.06769335024
2010-01-03,A,1953.79394159508
2010-01-04,A,1960.63377683536
2010-01-05,A,1974.5069375194
2010-01-06,A,1964.24670292961
2010-01-07,A,1964.68124112980
2010-01-08,A,1964.28267897320
2010-01-09,A,1969.85857715846
2010-01-10,A,1962.72212784115
2010-01-11,A,1967.75289345455
2010-01-12,A,1964.24467564880
2010-01-13,A,1951.22676920598
2010-01-14,A,1967.53418690788
2010-01-15,A,1952.26476484509
2010-01-16,A,1959.51786441337
2010-01-17,A,1958.82243775048
2010-01-18,A,1977.10846427679
2010-01-19,A,1948.98885196129
2010-01-20,A,1966.12855743876
2010-01-21,A,1963.12562824346
2010-01-22,A,1962.61854498070
2010-01-23,A,1968.60374645805
2010-01-24,A,1953.58424273655
2010-01-25,A,1974.45202794905
2010-01-26,A,1949.7476752478
2010-01-27,A,1967.30304874054
2010-01-28,A,1964.50681133297
2010-01-29,A,1962.68558397884
2010-01-30,A,1971.04042671748
2010-01-31,A,1947.99366606635
2010-02-01,A,1967.54896944013
2010-02-02,A,1969.71311501187
2010-02-03,A,1963.04716336026
2010-02-04,A,1954.22419805840
2010-02-05,A,1960.88006997344
2010-02-06,A,1963.83293238464
2010-02-07,A,1968.40178199862
2010-02-08,A,1966.05771524063
2010-02-09,A,1959.45413058638
2010-02-10,A,1955.15780219531
2010-02-11,A,1967.8010547158
2010-02-12,A,1957.54485240297
2010-02-13,A,1974.96785297139
2010-02-14,A,1951.07267789118
2010-02-15,A,1961.46988698676
2010-02-16,A,1957.28420304150
2010-02-17,A,1957.67299064650
2010-02-18,A,1963.08261538339
2010-02-19,A,1951.70044555510
2010-02-20,A,1964.74067678789
2010-02-21,A,1982.75956952613
2010-02-22,A,1956.61567026151
2010-02-23,A,1958.35984988729
2010-02-24,A,1968.99887330594
2010-02-25,A,1956.61477010724
2010-02-26,A,1976.92440964569
2010-02-27,A,1969.76751601374
2010-02-28,A,1980.08842812148
2010-03-01,A,1962.16423522814
2010-03-02,A,1981.26232664862
2010-03-03,A,1961.58545666677
2010-03-04,A,1980.66442677326
2010-03-05,A,1971.76114975081
2010-03-06,A,1961.45805310847
2010-03-07,A,1985.14987515069
2010-03-08,A,1975.88595102188
2010-03-09,A,1952.19988656297
2010-03-10,A,1975.06764650568
2010-03-11,A,1969.03207551128
2010-03-12,A,1956.44381120116
2010-03-13,A,1969.4798480935
2010-03-14,A,1967.38327469373
2010-03-15,A,1971.77292235593
2010-03-16,A,1961.11158289464
2010-03-17,A,1965.99823574425
2010-03-18,A,1967.70487056965
2010-03-19,A,1989.11781857453
2010-03-20,A,1964.34360718332
2010-03-21,A,1963.86069030686
2010-03-22,A,1971.55747974289
2010-03-23,A,1983.13003820282
2010-03-24,A,1961.18170757694
2010-03-25,A,1964.71242103954
2010-03-26,A,1962.31477874558
2010-03-27,A,1968.3707420593
2010-03-28,A,1979.22815142316
2010-03-29,A,1961.25996219864
2010-03-30,A,1961.51902589093
2010-03-31,A,1973.84826965961
2010-04-01,A,1958.46406230892
2010-04-02,A,1954.16445143624
2010-04-03,A,1998.36341988026
2010-04-04,A,1961.87747350581
2010-04-05,A,1982.22245968829
2010-04-06,A,1982.09897046772
2010-04-07,A,1998.54256112314
2010-04-08,A,1966.30626451539
2010-04-09,A,1963.10489072947
2010-04-10,A,1970.1547926783
2010-04-11,A,1983.95607025657
2010-04-12,A,1959.45765202173
2010-04-13,A,1978.99193296703
2010-04-14,A,1963.76491366166
2010-04-15,A,1955.86667386388
2010-04-16,A,1974.38489058861
2010-04-17,A,1964.98475205412
2010-04-18,A,1974.3432073149
2010-04-19,A,1974.30281778214
2010-04-20,A,1966.88222439047
2010-04-21,A,1954.00273849746
2010-04-22,A,1972.82717350611
2010-04-23,A,1974.19656546520
2010-04-24,A,1974.31330383916
2010-04-25,A,1984.69529618203
2010-04-26,A,1967.81471036295
2010-04-27,A,1972.08474698494
2010-04-28,A,1972.03121194925
2010-04-29,A,1975.78543536398
2010-04-30,A,1982.88514522718
2010-05-01,A,1967.71229046250
2010-05-02,A,1978.49888327655
2010-05-03,A,1977.62164768363
2010-05-04,A,1971.18667774327
2010-05-05,A,1959.39881805863
2010-05-06,A,1979.86703843804
2010-05-07,A,1962.39901602157
2010-05-08,A,1967.14423388530
2010-05-09,A,1958.05507000334
2010-05-10,A,1968.74488222996
2010-05-11,A,1973.22659653861
2010-05-12,A,1985.16029954221
2010-05-13,A,1959.37116459285
2010-05-14,A,1959.61017442019
2010-05-15,A,1974.24765310284
2010-05-16,A,1968.80929833938
2010-05-17,A,1985.64863122841
2010-05-18,A,1988.44802681647
2010-05-19,A,1963.99183089077
2010-05-20,A,1971.33557859788
2010-05-21,A,1973.13990122552
2010-05-22,A,1981.44116739529
2010-05-23,A,1966.97501925670
2010-05-24,A,1991.34272287780
2010-05-25,A,1983.54999319506
2010-05-26,A,1970.64184499501
2010-05-27,A,1970.80754542854
2010-05-28,A,1973.19817935003
2010-05-29,A,1976.43333411958
2010-05-30,A,1993.77125019224
2010-05-31,A,1986.41826087458
2010-06-01,A,1977.83884871283
2010-06-02,A,1972.26214104079
2010-06-03,A,1971.15716326537
2010-06-04,A,1967.53685099633
2010-06-05,A,1958.30413102562
2010-06-06,A,1972.43078713131
2010-06-07,A,1965.57489985312
2010-06-08,A,1964.60924326063
2010-06-09,A,2002.79046856902
2010-06-10,A,1979.71402144881
2010-06-11,A,1980.08731923477
2010-06-12,A,1974.07604349422
2010-06-13,A,1979.47766903813
2010-06-14,A,1977.4080060535
2010-06-15,A,1983.90831780268
2010-06-16,A,1984.48644775083
2010-06-17,A,1964.15613068269
2010-06-18,A,1966.93861057527
2010-06-19,A,1972.83085548264
2010-06-20,A,1977.39511165806
2010-06-21,A,1973.98230603539
2010-06-22,A,1985.33085757017
2010-06-23,A,1968.43702870775
2010-06-24,A,1979.81979707412
2010-06-25,A,1973.70720006256
2010-06-26,A,1976.60079933910
2010-06-27,A,1988.64938838080
2010-06-28,A,1971.41010061148
2010-06-29,A,1980.77782243559
2010-06-30,A,1983.72115728826
2010-07-01,A,1981.42159422263
2010-07-02,A,1988.01022316881
2010-07-03,A,1997.11616088569
2010-07-04,A,1977.71127367813
2010-07-05,A,1966.98281636303
2010-07-06,A,1972.82657863294
2010-07-07,A,1963.89735535142
2010-07-08,A,1994.96025109267
2010-07-09,A,1982.48800760916
2010-07-10,A,1975.32277707193
2010-07-11,A,2000.56687415399
2010-07-12,A,1990.84062340879
2010-07-13,A,1965.42186519786
2010-07-14,A,1982.10163703293
2010-07-15,A,1984.44821965376
2010-07-16,A,1969.49545428810
2010-07-17,A,1990.8661696302
2010-07-18,A,1977.94717045696
2010-07-19,A,1987.44796601893
2010-07-20,A,1990.93480182276
2010-07-21,A,1990.41452887836
2010-07-22,A,1979.36761802827
2010-07-23,A,1971.86699595985
2010-07-24,A,2005.50876044455
2010-07-25,A,1990.17549398128
2010-07-26,A,1969.24610191194
2010-07-27,A,1992.09678253367
2010-07-28,A,1982.68812102419
2010-07-29,A,1990.05415290141
2010-07-30,A,1999.58067553668
2010-07-31,A,1981.48319966553
2010-08-01,A,1971.53640332377
2010-08-02,A,1985.92163980200
2010-08-03,A,1970.03206536298
2010-08-04,A,1994.60258158291
2010-08-05,A,1986.92247234736
2010-08-06,A,1982.29190499241
2010-08-07,A,1970.92869584770
2010-08-08,A,1994.30451108062
2010-08-09,A,1993.52618392398
2010-08-10,A,1978.84639906072
2010-08-11,A,1975.88394058741
2010-08-12,A,1984.24186434734
2010-08-13,A,1987.49684899308
2010-08-14,A,1972.01213054339
2010-08-15,A,1987.91471712427
2010-08-16,A,2008.31357989380
2010-08-17,A,1981.37984403335
2010-08-18,A,1988.65236967305
2010-08-19,A,1980.36776697392
2010-08-20,A,1972.25360741206
2010-08-21,A,1976.87763021121
2010-08-22,A,1980.06559386596
2010-08-23,A,1985.90316009694
2010-08-24,A,1985.16723848683
2010-08-25,A,1994.87689617813
2010-08-26,A,1980.74470817741
2010-08-27,A,1978.47551779372
2010-08-28,A,1997.12741571648
2010-08-29,A,1991.35313002571
2010-08-30,A,1994.01341145152
2010-08-31,A,1962.92877639894
2010-09-01,A,1993.89397401591
2010-09-02,A,1987.01374704454
2010-09-03,A,1985.01944707167
2010-09-04,A,2003.61708866101
2010-09-05,A,1991.99002291474
2010-09-06,A,1989.05614472517
2010-09-07,A,1993.64481693339
2010-09-08,A,1968.62139159786
2010-09-09,A,1992.58637536468
2010-09-10,A,1990.97139068532
2010-09-11,A,1997.77167874642
2010-09-12,A,1992.24245892580
2010-09-13,A,1975.21582002871
2010-09-14,A,1982.63347685416
2010-09-15,A,1964.94598524724
2010-09-16,A,1985.52860238639
2010-09-17,A,1985.71541753737
2010-09-18,A,1979.16976813682
2010-09-19,A,1998.07226319156
2010-09-20,A,1990.2944268898
2010-09-21,A,1994.92582275426
2010-09-22,A,1985.41774890997
2010-09-23,A,1977.79358621759
2010-09-24,A,1991.61884500271
2010-09-25,A,1994.99365127003
2010-09-26,A,1994.62381032823
2010-09-27,A,1990.81444008672
2010-09-28,A,1975.06452195266
2010-09-29,A,1980.27623735448
2010-09-30,A,1983.02228531769
2010-10-01,A,2005.83427675824
2010-10-02,A,1972.91634457619
2010-10-03,A,1971.24199917593
2010-10-04,A,1983.59424553171
2010-10-05,A,1992.05828812096
2010-10-06,A,1999.64864615956
2010-10-07,A,1985.81938955272
2010-10-08,A,1979.95900170822
2010-10-09,A,1972.32866482837
2010-10-10,A,1993.12232385187
2010-10-11,A,2001.16347249014
2010-10-12,A,1992.25927138339
2010-10-13,A,1968.9146035212
2010-10-14,A,2013.81381686890
2010-10-15,A,1989.72127910241
2010-10-16,A,1992.74579575459
2010-10-17,A,1964.85929992852
2010-10-18,A,2003.35664728622
2010-10-19,A,1994.12509940559
2010-10-20,A,1989.85214840574
2010-10-21,A,2006.04056015259
2010-10-22,A,1985.05088723327
2010-10-23,A,1996.46755614719
2010-10-24,A,1992.80013917465
2010-10-25,A,1970.79178358505
2010-10-26,A,2010.02318414453
2010-10-27,A,1993.01839223317
2010-10-28,A,1989.70817390381
2010-10-29,A,1995.18917181432
2010-10-30,A,2003.60031605067
2010-10-31,A,1991.62034381325
2010-11-01,A,2004.01122259024
2010-11-02,A,1989.07802410832
2010-11-03,A,2007.54928655171
2010-11-04,A,1999.65817564402
2010-11-05,A,2006.69246532996
2010-11-06,A,1995.85960330641
2010-11-07,A,1994.36641957872
2010-11-08,A,1986.12766079973
2010-11-09,A,2000.47543162019
2010-11-10,A,2001.42843025389
2010-11-11,A,2003.50346481711
2010-11-12,A,1994.87536489146
2010-11-13,A,1979.18722849111
2010-11-14,A,1993.40318641122
2010-11-15,A,1998.42711880700
2010-11-16,A,1995.57976478937
2010-11-17,A,1976.21368348306
2010-11-18,A,1995.59552590923
2010-11-19,A,1994.30770945674
2010-11-20,A,2004.05870607431
2010-11-21,A,1996.80669553156
2010-11-22,A,1986.12713939328
2010-11-23,A,1963.04032009441
2010-11-24,A,2008.17621762735
2010-11-25,A,1991.52968424856
2010-11-26,A,2000.66919823193
2010-11-27,A,1989.57918240581
2010-11-28,A,1999.77561052773
2010-11-29,A,1987.63773250921
2010-11-30,A,1998.77747669766
2010-12-01,A,1990.16248997583
2010-12-02,A,2000.03915532314
2010-12-03,A,1995.04994499346
2010-12-04,A,2002.58659375446
2010-12-05,A,1990.59060240447
2010-12-06,A,2003.40011931153
2010-12-07,A,2018.08801428238
2010-12-08,A,2004.38157377475
2010-12-09,A,1996.95019608792
2010-12-10,A,1991.34012435910
2010-12-11,A,1988.16545540809
2010-12-12,A,2012.89507139224
2010-12-13,A,1997.31466914842
2010-12-14,A,2004.00380809358
2010-12-15,A,1980.83418565583
2010-12-16,A,1990.58914253213
2010-12-17,A,1980.08109601253
2010-12-18,A,2003.93074106250
2010-12-19,A,1981.76922581254
2010-12-20,A,1995.29155448230
2010-12-21,A,2008.10365977211
2010-12-22,A,1987.88462562569
2010-12-23,A,1983.21071657005
2010-12-24,A,1966.28587983698
2010-12-25,A,1991.00418581524
2010-12-26,A,1995.40909532697
2010-12-27,A,1998.59072766472
2010-12-28,A,1981.64860514191
2010-12-29,A,1995.79369236062
2010-12-30,A,1998.84199008665
2010-12-31,A,1997.86154967136
2008-01-01,B,4545.59949660589
2008-01-02,B,4535.73375340885
2008-01-03,B,4571.56224598176
2008-01-04,B,4554.51218472071
2008-01-05,B,4540.91967180522
2008-01-06,B,4577.88938235732
2008-01-07,B,4600.98593753557
2008-01-08,B,4562.44386830831
2008-01-09,B,4563.55436954579
2008-01-10,B,4538.58927878002
2008-01-11,B,4566.38029460805
2008-01-12,B,4558.56689679891
2008-01-13,B,4566.55906161306
2008-01-14,B,4580.79148563629
2008-01-15,B,4551.54106766032
2008-01-16,B,4557.80322404688
2008-01-17,B,4566.17380368737
2008-01-18,B,4576.67405090494
2008-01-19,B,4571.86690553819
2008-01-20,B,4566.26014639882
2008-01-21,B,4569.43522602326
2008-01-22,B,4566.44424232597
2008-01-23,B,4581.21689615925
2008-01-24,B,4558.01153983895
2008-01-25,B,4555.84779727407
2008-01-26,B,4540.72621615176
2008-01-27,B,4580.70171338258
2008-01-28,B,4556.86729904422
2008-01-29,B,4563.9870686915
2008-01-30,B,4564.91264351196
2008-01-31,B,4565.21026193757
2008-02-01,B,4577.90439109135
2008-02-02,B,4567.67790486891
2008-02-03,B,4596.91707266492
2008-02-04,B,4570.01393528091
2008-02-05,B,4588.79638678669
2008-02-06,B,4590.82324554444
2008-02-07,B,4554.03540779303
2008-02-08,B,4578.22888633729
2008-02-09,B,4582.7163957402
2008-02-10,B,4587.20609050127
2008-02-11,B,4573.95061692796
2008-02-12,B,4557.2821243168
2008-02-13,B,4589.6076037591
2008-02-14,B,4579.85451864246
2008-02-15,B,4597.59224525779
2008-02-16,B,4583.44184916327
2008-02-17,B,4593.51730906595
2008-02-18,B,4573.38052507970
2008-02-19,B,4560.71991465299
2008-02-20,B,4589.98051933248
2008-02-21,B,4596.69822065014
2008-02-22,B,4571.19719611641
2008-02-23,B,4574.5477407505
2008-02-24,B,4583.93743789832
2008-02-25,B,4579.02489432559
2008-02-26,B,4597.88247949779
2008-02-27,B,4591.76633469541
2008-02-28,B,4601.70120910583
2008-02-29,B,4587.05444024419
2008-03-01,B,4552.8657322572
2008-03-02,B,4578.83013359699
2008-03-03,B,4576.66228480064
2008-03-04,B,4583.99356673997
2008-03-05,B,4578.60634826945
2008-03-06,B,4580.39238541535
2008-03-07,B,4582.18468489474
2008-03-08,B,4567.33136312763
2008-03-09,B,4584.21830585364
2008-03-10,B,4580.03290381166
2008-03-11,B,4574.31121619252
2008-03-12,B,4603.54533323013
2008-03-13,B,4588.85968244565
2008-03-14,B,4591.62723505176
2008-03-15,B,4596.28328008642
2008-03-16,B,4584.66816760442
2008-03-17,B,4604.44220017049
2008-03-18,B,4610.94382011563
2008-03-19,B,4600.63290607538
2008-03-20,B,4583.13857291284
2008-03-21,B,4592.17306449242
2008-03-22,B,4603.26524006785
2008-03-23,B,4585.80171452096
2008-03-24,B,4587.03503333509
2008-03-25,B,4601.05031833556
2008-03-26,B,4587.81603368374
2008-03-27,B,4575.51073076804
2008-03-28,B,4598.54473088164
2008-03-29,B,4603.48564290928
2008-03-30,B,4601.28957961613
2008-03-31,B,4590.81857431865
2008-04-01,B,4573.65736238578
2008-04-02,B,4582.20521611261
2008-04-03,B,4607.35332492809
2008-04-04,B,4585.10982341611
2008-04-05,B,4604.08511871744
2008-04-06,B,4588.94482154358
2008-04-07,B,4600.12933893151
2008-04-08,B,4615.97787683629
2008-04-09,B,4613.72247002164
2008-04-10,B,4592.676912648
2008-04-11,B,4593.76850370291
2008-04-12,B,4619.33995214797
2008-04-13,B,4599.0321075305
2008-04-14,B,4580.71073449132
2008-04-15,B,4602.56847056755
2008-04-16,B,4572.93922798871
2008-04-17,B,4594.89161689298
2008-04-18,B,4580.38003182546
2008-04-19,B,4607.99195986369
2008-04-20,B,4610.31636957753
2008-04-21,B,4591.54960118297
2008-04-22,B,4616.51214408131
2008-04-23,B,4579.83337295112
2008-04-24,B,4605.31914602747
2008-04-25,B,4581.5630990888
2008-04-26,B,4586.28797461158
2008-04-27,B,4601.5121904315
2008-04-28,B,4581.53989808793
2008-04-29,B,4584.15685666326
2008-04-30,B,4601.36565638099
2008-05-01,B,4587.89183250204
2008-05-02,B,4581.85378239093
2008-05-03,B,4592.80950633278
2008-05-04,B,4597.41065456041
2008-05-05,B,4599.72126267531
2008-05-06,B,4614.59804637942
2008-05-07,B,4595.95638706159
2008-05-08,B,4603.25994664138
2008-05-09,B,4596.71902331198
2008-05-10,B,4594.76200702503
2008-05-11,B,4591.75238356651
2008-05-12,B,4601.60060420080
2008-05-13,B,4612.95299849278
2008-05-14,B,4587.09035216651
2008-05-15,B,4600.05690849044
2008-05-16,B,4625.6523606552
2008-05-17,B,4593.97679001014
2008-05-18,B,4610.65368979636
2008-05-19,B,4618.26893936051
2008-05-20,B,4603.09799242516
2008-05-21,B,4626.17619825938
2008-05-22,B,4623.85574138299
2008-05-23,B,4607.65993986847
2008-05-24,B,4599.98837054954
2008-05-25,B,4617.99959922368
2008-05-26,B,4615.65798116451
2008-05-27,B,4605.97387972543
2008-05-28,B,4621.29365435847
2008-05-29,B,4596.2540629307
2008-05-30,B,4610.74505661066
2008-05-31,B,4607.25232294537
2008-06-01,B,4607.75484620609
2008-06-02,B,4614.59107791369
2008-06-03,B,4610.45851000552
2008-06-04,B,4599.6529164366
2008-06-05,B,4620.21256048350
2008-06-06,B,4604.88206569253
2008-06-07,B,4600.35474714911
2008-06-08,B,4616.59371878062
2008-06-09,B,4615.69582585524
2008-06-10,B,4602.54492872022
2008-06-11,B,4613.51420743625
2008-06-12,B,4605.27587132027
2008-06-13,B,4598.27476476089
2008-06-14,B,4630.26798885973
2008-06-15,B,4640.45520864027
2008-06-16,B,4618.31665546557
2008-06-17,B,4604.23959797937
2008-06-18,B,4604.10037243197
2008-06-19,B,4617.18261189285
2008-06-20,B,4602.87038880767
2008-06-21,B,4613.34870378463
2008-06-22,B,4610.00722824891
2008-06-23,B,4618.21016853297
2008-06-24,B,4620.3590613637
2008-06-25,B,4635.82888936133
2008-06-26,B,4615.43004834135
2008-06-27,B,4604.60825887455
2008-06-28,B,4625.12045406701
2008-06-29,B,4618.71505594056
2008-06-30,B,4631.56645216925
2008-07-01,B,4621.86591362906
2008-07-02,B,4580.1515051093
2008-07-03,B,4622.93749612019
2008-07-04,B,4622.04499973075
2008-07-05,B,4641.49571505989
2008-07-06,B,4643.42062732666
2008-07-07,B,4630.34503408846
2008-07-08,B,4634.04745102173
2008-07-09,B,4619.68224813786
2008-07-10,B,4637.26360197903
2008-07-11,B,4629.68301673167
2008-07-12,B,4607.23964940139
2008-07-13,B,4638.05241385878
2008-07-14,B,4621.0743117899
2008-07-15,B,4626.77512326727
2008-07-16,B,4623.1448671771
2008-07-17,B,4611.85816085384
2008-07-18,B,4627.59630304086
2008-07-19,B,4613.08581608272
2008-07-20,B,4631.11259397733
2008-07-21,B,4634.48681597007
2008-07-22,B,4613.72901390444
2008-07-23,B,4629.25511368117
2008-07-24,B,4614.73491207892
2008-07-25,B,4642.93472897868
2008-07-26,B,4609.68225289725
2008-07-27,B,4634.09237231301
2008-07-28,B,4611.90075317434
2008-07-29,B,4630.95428891121
2008-07-30,B,4614.28179525342
2008-07-31,B,4645.4227180072
2008-08-01,B,4645.71606147393
2008-08-02,B,4622.4825639508
2008-08-03,B,4630.26695882488
2008-08-04,B,4616.07810538422
2008-08-05,B,4613.31854475427
2008-08-06,B,4623.87592848533
2008-08-07,B,4632.27930012112
2008-08-08,B,4609.95997410511
2008-08-09,B,4643.86873178486
2008-08-10,B,4613.08407721399
2008-08-11,B,4633.54267325156
2008-08-12,B,4608.346581159
2008-08-13,B,4619.5904215274
2008-08-14,B,4638.93270199276
2008-08-15,B,4619.37964927882
2008-08-16,B,4632.21339806409
2008-08-17,B,4622.97444983833
2008-08-18,B,4656.27241663328
2008-08-19,B,4613.4403074596
2008-08-20,B,4646.90983559474
2008-08-21,B,4635.18763815045
2008-08-22,B,4640.48166924586
2008-08-23,B,4629.55025789685
2008-08-24,B,4643.74517055475
2008-08-25,B,4626.02278968195
2008-08-26,B,4622.93175360580
2008-08-27,B,4645.93063504745
2008-08-28,B,4647.81908714732
2008-08-29,B,4610.10891875768
2008-08-30,B,4647.04981467149
2008-08-31,B,4636.79135230404
2008-09-01,B,4642.03865846562
2008-09-02,B,4618.51585491836
2008-09-03,B,4646.3872869363
2008-09-04,B,4648.15680812629
2008-09-05,B,4629.01602693476
2008-09-06,B,4631.58283217064
2008-09-07,B,4625.47271886012
2008-09-08,B,4659.55159213135
2008-09-09,B,4634.51758083386
2008-09-10,B,4617.2420979132
2008-09-11,B,4647.75651216686
2008-09-12,B,4617.20806366398
2008-09-13,B,4634.68408409661
2008-09-14,B,4624.12552848115
2008-09-15,B,4637.53681892960
2008-09-16,B,4640.93687234443
2008-09-17,B,4655.54806020638
2008-09-18,B,4644.19919743604
2008-09-19,B,4652.07610978244
2008-09-20,B,4635.26354669337
2008-09-21,B,4671.39148026104
2008-09-22,B,4643.18470214914
2008-09-23,B,4644.20765110316
2008-09-24,B,4663.79888316993
2008-09-25,B,4658.11106021856
2008-09-26,B,4650.16167202701
2008-09-27,B,4646.82432065106
2008-09-28,B,4655.48920889595
2008-09-29,B,4653.31276756721
2008-09-30,B,4640.03175410628
2008-10-01,B,4647.66407173353
2008-10-02,B,4666.85483976798
2008-10-03,B,4644.23854509549
2008-10-04,B,4660.55685020339
2008-10-05,B,4649.02987097283
2008-10-06,B,4633.02092855833
2008-10-07,B,4649.12260367193
2008-10-08,B,4640.56256200199
2008-10-09,B,4664.4338468503
2008-10-10,B,4659.27586721118
2008-10-11,B,4643.05585858181
2008-10-12,B,4658.33672549587
2008-10-13,B,4645.67000122902
2008-10-14,B,4656.91417305972
2008-10-15,B,4664.12953875596
2008-10-16,B,4643.43909639951
2008-10-17,B,4651.27205849083
2008-10-18,B,4648.57895859894
2008-10-19,B,4648.59096821178
2008-10-20,B,4651.34086541762
2008-10-21,B,4658.693098095
2008-10-22,B,4666.0284034909
2008-10-23,B,4655.82133258683
2008-10-24,B,4634.8327741905
2008-10-25,B,4665.46402261406
2008-10-26,B,4655.60586038578
2008-10-27,B,4650.60267254791
2008-10-28,B,4640.81656274453
2008-10-29,B,4646.54515235056
2008-10-30,B,4653.63171698363
2008-10-31,B,4670.72206430432
2008-11-01,B,4653.74266463844
2008-11-02,B,4666.80863044853
2008-11-03,B,4641.27036266949
2008-11-04,B,4653.75827657052
2008-11-05,B,4644.7120669731
2008-11-06,B,4656.07880510106
2008-11-07,B,4689.30535513237
2008-11-08,B,4652.57315853059
2008-11-09,B,4660.48231944654
2008-11-10,B,4672.87192900677
2008-11-11,B,4644.7397773592
2008-11-12,B,4646.86052095466
2008-11-13,B,4635.39435061822
2008-11-14,B,4680.67072950642
2008-11-15,B,4657.94998958006
2008-11-16,B,4665.74151565476
2008-11-17,B,4662.51532176717
2008-11-18,B,4656.7583492225
2008-11-19,B,4668.09900679485
2008-11-20,B,4664.50778988088
2008-11-21,B,4672.19002712181
2008-11-22,B,4674.1365819901
2008-11-23,B,4655.13831684063
2008-11-24,B,4671.44476117698
2008-11-25,B,4646.00018196831
2008-11-26,B,4650.14955098665
2008-11-27,B,4663.13969444991
2008-11-28,B,4656.78309964575
2008-11-29,B,4649.80397076435
2008-11-30,B,4666.62674798337
2008-12-01,B,4663.19592732836
2008-12-02,B,4665.48811936515
2008-12-03,B,4677.0187775714
2008-12-04,B,4660.93329887943
2008-12-05,B,4656.90323905817
2008-12-06,B,4674.59613382721
2008-12-07,B,4664.91697909493
2008-12-08,B,4668.26557729617
2008-12-09,B,4652.96072093724
2008-12-10,B,4673.10187169564
2008-12-11,B,4670.45201245224
2008-12-12,B,4691.18722330322
2008-12-13,B,4673.38492309578
2008-12-14,B,4647.25462798352
2008-12-15,B,4689.46831517735
2008-12-16,B,4666.07852010171
2008-12-17,B,4647.79017347249
2008-12-18,B,4678.62883721787
2008-12-19,B,4694.813863389
2008-12-20,B,4641.05359473676
2008-12-21,B,4687.65000111764
2008-12-22,B,4676.81528828342
2008-12-23,B,4668.27207634611
2008-12-24,B,4683.02245995017
2008-12-25,B,4661.92251473184
2008-12-26,B,4670.21537020794
2008-12-27,B,4680.83915389103
2008-12-28,B,4661.57748697166
2008-12-29,B,4677.20558458557
2008-12-30,B,4650.68897281926
2008-12-31,B,4694.0467348601
2009-01-01,B,4656.96408046917
2009-01-02,B,4659.69159448862
2009-01-03,B,4680.43690899652
2009-01-04,B,4688.01804034983
2009-01-05,B,4662.56811040835
2009-01-06,B,4658.49207831419
2009-01-07,B,4686.61025342416
2009-01-08,B,4675.72281390911
2009-01-09,B,4669.36434759308
2009-01-10,B,4685.72542445176
2009-01-11,B,4680.6622026498
2009-01-12,B,4689.16771372663
2009-01-13,B,4692.75487466326
2009-01-14,B,4672.65968952775
2009-01-15,B,4689.61144087709
2009-01-16,B,4666.45802527662
2009-01-17,B,4693.27404603115
2009-01-18,B,4660.04842889412
2009-01-19,B,4692.26880512922
2009-01-20,B,4675.20610740957
2009-01-21,B,4669.97136943536
2009-01-22,B,4708.0434458129
2009-01-23,B,4676.5988611214
2009-01-24,B,4666.749851729
2009-01-25,B,4683.40647314615
2009-01-26,B,4662.21808723706
2009-01-27,B,4687.303885726
2009-01-28,B,4701.8358431602
2009-01-29,B,4662.30634508681
2009-01-30,B,4684.83409150437
2009-01-31,B,4660.66369075828
2009-02-01,B,4687.07441820795
2009-02-02,B,4698.5487336284
2009-02-03,B,4670.84524675271
2009-02-04,B,4696.83719438338
2009-02-05,B,4681.77291265284
2009-02-06,B,4690.87948204319
2009-02-07,B,4674.76273845584
2009-02-08,B,4707.99398404518
2009-02-09,B,4670.48089235473
2009-02-10,B,4689.84360895376
2009-02-11,B,4671.58682789332
2009-02-12,B,4689.07724709644
2009-02-13,B,4670.72860457324
2009-02-14,B,4670.85644713497
2009-02-15,B,4703.5160076896
2009-02-16,B,4714.6327626041
2009-02-17,B,4697.65533109583
2009-02-18,B,4706.42280677185
2009-02-19,B,4674.79976604593
2009-02-20,B,4663.96315052807
2009-02-21,B,4697.98638408478
2009-02-22,B,4681.09079253045
2009-02-23,B,4694.95818384151
2009-02-24,B,4681.83999303843
2009-02-25,B,4665.79737550467
2009-02-26,B,4684.78474196194
2009-02-27,B,4695.42352935022
2009-02-28,B,4706.04212762546
2009-03-01,B,4687.98354602811
2009-03-02,B,4694.8257525572
2009-03-03,B,4681.26818457995
2009-03-04,B,4669.52489064694
2009-03-05,B,4684.91149833811
2009-03-06,B,4681.48841323374
2009-03-07,B,4695.78232428744
2009-03-08,B,4685.7925260938
2009-03-09,B,4684.83005191174
2009-03-10,B,4683.79692169867
2009-03-11,B,4697.89178125109
2009-03-12,B,4696.84240760129
2009-03-13,B,4706.89294546363
2009-03-14,B,4705.78315682367
2009-03-15,B,4686.11414191603
2009-03-16,B,4717.98640799867
2009-03-17,B,4719.27027787732
2009-03-18,B,4693.59380543595
2009-03-19,B,4696.29390514434
2009-03-20,B,4703.7413310832
2009-03-21,B,4704.54431592139
2009-03-22,B,4713.81354548246
2009-03-23,B,4685.80404922317
2009-03-24,B,4689.01318026879
2009-03-25,B,4710.05435232082
2009-03-26,B,4698.51406165128
2009-03-27,B,4703.82067206262
2009-03-28,B,4696.31060159899
2009-03-29,B,4715.48583723425
2009-03-30,B,4692.81379416903
2009-03-31,B,4682.19856285677
2009-04-01,B,4698.64936057429
2009-04-02,B,4701.11557571713
2009-04-03,B,4719.39236671389
2009-04-04,B,4699.93537190482
2009-04-05,B,4705.84447914541
2009-04-06,B,4706.51195028451
2009-04-07,B,4694.9690025763
2009-04-08,B,4702.23101949299
2009-04-09,B,4685.30889363741
2009-04-10,B,4707.44654135163
2009-04-11,B,4708.89982536693
2009-04-12,B,4698.84144155417
2009-04-13,B,4703.74303395957
2009-04-14,B,4701.31193229223
2009-04-15,B,4706.92805116349
2009-04-16,B,4706.50965030259
2009-04-17,B,4705.13943383982
2009-04-18,B,4729.06079680125
2009-04-19,B,4705.45029902425
2009-04-20,B,4712.25924159364
2009-04-21,B,4693.43799482576
2009-04-22,B,4703.98587913317
2009-04-23,B,4698.59416230535
2009-04-24,B,4699.76637911137
2009-04-25,B,4699.67005083167
2009-04-26,B,4712.53918668895
2009-04-27,B,4712.67514432769
2009-04-28,B,4718.15097616003
2009-04-29,B,4719.83710396952
2009-04-30,B,4702.3118584443
2009-05-01,B,4701.75579958764
2009-05-02,B,4710.55174118948
2009-05-03,B,4706.82407007826
2009-05-04,B,4706.35908338336
2009-05-05,B,4733.91167943235
2009-05-06,B,4733.65118366508
2009-05-07,B,4727.29018949718
2009-05-08,B,4718.22812982319
2009-05-09,B,4721.28932328421
2009-05-10,B,4742.03813376287
2009-05-11,B,4727.94322461067
2009-05-12,B,4720.30443455187
2009-05-13,B,4720.7784002982
2009-05-14,B,4720.26699815199
2009-05-15,B,4708.2138428753
2009-05-16,B,4699.65617357047
2009-05-17,B,4724.96246182092
2009-05-18,B,4725.37541597858
2009-05-19,B,4709.18682290999
2009-05-20,B,4710.82822549745
2009-05-21,B,4718.12620596754
2009-05-22,B,4725.25077349308
2009-05-23,B,4726.77313357721
2009-05-24,B,4720.86207932407
2009-05-25,B,4704.42121845201
2009-05-26,B,4721.49469972019
2009-05-27,B,4716.0645301772
2009-05-28,B,4728.41876408499
2009-05-29,B,4714.48928934072
2009-05-30,B,4697.16115462064
2009-05-31,B,4717.18981219434
2009-06-01,B,4722.10981484979
2009-06-02,B,4723.83357164185
2009-06-03,B,4703.57264270555
2009-06-04,B,4713.72096956059
2009-06-05,B,4708.27031636610
2009-06-06,B,4691.0135711906
2009-06-07,B,4724.26683306804
2009-06-08,B,4722.81906659122
2009-06-09,B,4740.00668868925
2009-06-10,B,4727.78598316887
2009-06-11,B,4728.50829353077
2009-06-12,B,4707.70314081887
2009-06-13,B,4743.54785406288
2009-06-14,B,4733.75459216169
2009-06-15,B,4731.67577955365
2009-06-16,B,4715.44955056161
2009-06-17,B,4721.8549681169
2009-06-18,B,4734.86762316565
2009-06-19,B,4709.29847297728
2009-06-20,B,4735.36719884667
2009-06-21,B,4721.60033554466
2009-06-22,B,4718.51478142825
2009-06-23,B,4728.07461313575
2009-06-24,B,4723.41912490151
2009-06-25,B,4722.56614404334
2009-06-26,B,4724.33690518138
2009-06-27,B,4747.94062145445
2009-06-28,B,4718.60314353742
2009-06-29,B,4731.25711157415
2009-06-30,B,4736.37898869176
2009-07-01,B,4731.24190116721
2009-07-02,B,4748.26502924396
2009-07-03,B,4711.34116295356
2009-07-04,B,4723.88274073777
2009-07-05,B,4733.19407064237
2009-07-06,B,4725.18441357385
2009-07-07,B,4720.4078189225
2009-07-08,B,4743.20133950336
2009-07-09,B,4739.54172951396
2009-07-10,B,4734.6570352534
2009-07-11,B,4697.54954878695
2009-07-12,B,4720.65531939848
2009-07-13,B,4735.94610762757
2009-07-14,B,4723.618745834
2009-07-15,B,4729.43716538835
2009-07-16,B,4717.55821846734
2009-07-17,B,4749.68966174974
2009-07-18,B,4742.0228298532
2009-07-19,B,4744.95912228776
2009-07-20,B,4739.29537514751
2009-07-21,B,4728.53026250517
2009-07-22,B,4732.61632002732
2009-07-23,B,4731.99791813429
2009-07-24,B,4750.19660499095
2009-07-25,B,4725.12112790004
2009-07-26,B,4746.64306064334
2009-07-27,B,4732.21702381785
2009-07-28,B,4715.53925475017
2009-07-29,B,4734.16829193599
2009-07-30,B,4746.23112462582
2009-07-31,B,4742.60847829369
2009-08-01,B,4747.61219382088
2009-08-02,B,4711.74334592056
2009-08-03,B,4709.51862306596
2009-08-04,B,4741.27676982822
2009-08-05,B,4754.92444882933
2009-08-06,B,4777.3724915354
2009-08-07,B,4731.57545201005
2009-08-08,B,4737.03967904878
2009-08-09,B,4728.34013651115
2009-08-10,B,4731.57192362535
2009-08-11,B,4756.54007724007
2009-08-12,B,4740.68242453931
2009-08-13,B,4743.3396062441
2009-08-14,B,4737.60099208297
2009-08-15,B,4726.00151123806
2009-08-16,B,4754.43680369842
2009-08-17,B,4742.11304744284
2009-08-18,B,4756.03624920512
2009-08-19,B,4723.35250563185
2009-08-20,B,4726.46696386082
2009-08-21,B,4737.11360660295
2009-08-22,B,4758.83774592285
2009-08-23,B,4745.78137956044
2009-08-24,B,4718.10957995827
2009-08-25,B,4747.78486432303
2009-08-26,B,4744.3645480471
2009-08-27,B,4737.07292915246
2009-08-28,B,4744.82819777441
2009-08-29,B,4759.16579000360
2009-08-30,B,4722.96571167663
2009-08-31,B,4753.61346295565
2009-09-01,B,4763.96573965085
2009-09-02,B,4726.35386600374
2009-09-03,B,4746.84775976225
2009-09-04,B,4753.92964495653
2009-09-05,B,4761.04417646022
2009-09-06,B,4745.64704997988
2009-09-07,B,4738.98817342049
2009-09-08,B,4769.50457379254
2009-09-09,B,4762.70382610074
2009-09-10,B,4761.97810450606
2009-09-11,B,4747.97727169243
2009-09-12,B,4773.67804053244
2009-09-13,B,4748.40053674086
2009-09-14,B,4756.13446567076
2009-09-15,B,4764.5643284361
2009-09-16,B,4765.92971520831
2009-09-17,B,4745.75325176451
2009-09-18,B,4764.22061428903
2009-09-19,B,4735.49329270775
2009-09-20,B,4747.6749269078
2009-09-21,B,4758.64959007959
2009-09-22,B,4738.81903438423
2009-09-23,B,4755.17547607761
2009-09-24,B,4747.2069821903
2009-09-25,B,4747.15500341432
2009-09-26,B,4742.47578748751
2009-09-27,B,4752.96030149527
2009-09-28,B,4750.48165140468
2009-09-29,B,4744.12778544065
2009-09-30,B,4764.81779333119
2009-10-01,B,4753.92325362207
2009-10-02,B,4734.82879434258
2009-10-03,B,4742.16142006702
2009-10-04,B,4767.68174947932
2009-10-05,B,4749.71682086073
2009-10-06,B,4783.45559742668
2009-10-07,B,4778.66476231337
2009-10-08,B,4760.27472777605
2009-10-09,B,4748.25886389853
2009-10-10,B,4720.5760864019
2009-10-11,B,4747.12459114039
2009-10-12,B,4753.85115756073
2009-10-13,B,4748.7538799049
2009-10-14,B,4761.85905570849
2009-10-15,B,4734.87410202222
2009-10-16,B,4773.95562530686
2009-10-17,B,4767.03395459223
2009-10-18,B,4754.08313378418
2009-10-19,B,4757.86408095699
2009-10-20,B,4777.34018191584
2009-10-21,B,4765.80856907349
2009-10-22,B,4777.47892238189
2009-10-23,B,4768.06847973056
2009-10-24,B,4759.61709046045
2009-10-25,B,4764.06773120496
2009-10-26,B,4747.35305160972
2009-10-27,B,4780.76634309958
2009-10-28,B,4781.24970078993
2009-10-29,B,4740.30359910539
2009-10-30,B,4747.96700479508
2009-10-31,B,4770.7334984861
2009-11-01,B,4773.95921560533
2009-11-02,B,4768.51853648904
2009-11-03,B,4742.78403071009
2009-11-04,B,4757.33571033184
2009-11-05,B,4778.7967003212
2009-11-06,B,4765.07846419274
2009-11-07,B,4744.70886139315
2009-11-08,B,4789.75053510559
2009-11-09,B,4781.7706420235
2009-11-10,B,4768.94181789218
2009-11-11,B,4764.92737485412
2009-11-12,B,4758.62056582304
2009-11-13,B,4764.74552384293
2009-11-14,B,4774.80465843328
2009-11-15,B,4776.23698515389
2009-11-16,B,4769.55326967154
2009-11-17,B,4771.18478826131
2009-11-18,B,4746.81922118028
2009-11-19,B,4779.11483759688
2009-11-20,B,4777.67336753818
2009-11-21,B,4772.16963594294
2009-11-22,B,4769.54968747843
2009-11-23,B,4772.4128605603
2009-11-24,B,4772.61665977803
2009-11-25,B,4756.02317897115
2009-11-26,B,4769.27811904264
2009-11-27,B,4768.35545588293
2009-11-28,B,4783.17363660091
2009-11-29,B,4777.80839709375
2009-11-30,B,4761.42110982432
2009-12-01,B,4760.8484964631
2009-12-02,B,4765.07837278078
2009-12-03,B,4765.26589241126
2009-12-04,B,4786.66547643486
2009-12-05,B,4796.06396147981
2009-12-06,B,4785.14793652156
2009-12-07,B,4776.05771017291
2009-12-08,B,4759.3772179021
2009-12-09,B,4765.36421522486
2009-12-10,B,4765.45869993267
2009-12-11,B,4763.20495692788
2009-12-12,B,4794.94415720836
2009-12-13,B,4770.82705010568
2009-12-14,B,4767.49754313114
2009-12-15,B,4772.69232449281
2009-12-16,B,4758.3725180305
2009-12-17,B,4781.44164673494
2009-12-18,B,4780.38956263643
2009-12-19,B,4771.34381516031
2009-12-20,B,4781.26200697461
2009-12-21,B,4778.47747680641
2009-12-22,B,4770.99964240504
2009-12-23,B,4799.33580105447
2009-12-24,B,4792.94401364518
2009-12-25,B,4800.16418432354
2009-12-26,B,4773.58485655721
2009-12-27,B,4782.78695562031
2009-12-28,B,4776.27126270713
2009-12-29,B,4790.04765210672
2009-12-30,B,4770.25017845692
2009-12-31,B,4779.98530163589
2010-01-01,B,4768.00476881636
2010-01-02,B,4780.60085355625
2010-01-03,B,4778.7600884253
2010-01-04,B,4774.94993680798
2010-01-05,B,4770.50244840775
2010-01-06,B,4793.73595793213
2010-01-07,B,4798.4590146236
2010-01-08,B,4787.68120724512
2010-01-09,B,4783.02452221142
2010-01-10,B,4771.25800958114
2010-01-11,B,4791.67046296509
2010-01-12,B,4780.89060532551
2010-01-13,B,4785.85244443372
2010-01-14,B,4791.35969141021
2010-01-15,B,4774.51361689079
2010-01-16,B,4762.95114424931
2010-01-17,B,4792.28570062812
2010-01-18,B,4789.16829975991
2010-01-19,B,4785.9403743809
2010-01-20,B,4807.76717059221
2010-01-21,B,4806.80781966954
2010-01-22,B,4788.20202886411
2010-01-23,B,4802.55399869622
2010-01-24,B,4795.4116801337
2010-01-25,B,4769.43092839674
2010-01-26,B,4806.28936174393
2010-01-27,B,4780.73553042542
2010-01-28,B,4755.74915847876
2010-01-29,B,4809.675933921
2010-01-30,B,4803.39247219782
2010-01-31,B,4819.18288879513
2010-02-01,B,4812.32661500431
2010-02-02,B,4826.54154856291
2010-02-03,B,4778.50595895649
2010-02-04,B,4777.32444721812
2010-02-05,B,4809.95004633323
2010-02-06,B,4787.95934073152
2010-02-07,B,4785.30226607951
2010-02-08,B,4786.85377132549
2010-02-09,B,4787.76623694083
2010-02-10,B,4795.33681000389
2010-02-11,B,4790.19732155961
2010-02-12,B,4787.09985485785
2010-02-13,B,4798.58124317372
2010-02-14,B,4775.52419690821
2010-02-15,B,4794.61355756217
2010-02-16,B,4792.25440680113
2010-02-17,B,4798.98854909868
2010-02-18,B,4777.18251893358
2010-02-19,B,4788.97304504777
2010-02-20,B,4816.83470824554
2010-02-21,B,4789.3302415542
2010-02-22,B,4815.69908130917
2010-02-23,B,4814.44148661517
2010-02-24,B,4779.70164429953
2010-02-25,B,4811.86582801885
2010-02-26,B,4814.55269844967
2010-02-27,B,4790.10565686522
2010-02-28,B,4795.64108432354
2010-03-01,B,4807.0806465632
2010-03-02,B,4812.33829032957
2010-03-03,B,4784.35566773435
2010-03-04,B,4792.73082302938
2010-03-05,B,4818.18480312401
2010-03-06,B,4809.03943946934
2010-03-07,B,4800.5229202353
2010-03-08,B,4804.34751882169
2010-03-09,B,4824.80855462691
2010-03-10,B,4803.47123183894
2010-03-11,B,4798.25296479858
2010-03-12,B,4813.9054748059
2010-03-13,B,4817.76355013169
2010-03-14,B,4812.79504388026
2010-03-15,B,4815.2168276386
2010-03-16,B,4801.59532165581
2010-03-17,B,4831.63582204283
2010-03-18,B,4800.41933166465
2010-03-19,B,4791.22245528316
2010-03-20,B,4796.18818960567
2010-03-21,B,4798.35152850391
2010-03-22,B,4798.51503291228
2010-03-23,B,4817.46797983737
2010-03-24,B,4786.79891192472
2010-03-25,B,4798.70512184755
2010-03-26,B,4828.29091579884
2010-03-27,B,4829.06077561789
2010-03-28,B,4807.29096627631
2010-03-29,B,4804.80603563708
2010-03-30,B,4818.60013506795
2010-03-31,B,4813.44751916901
2010-04-01,B,4826.35354759313
2010-04-02,B,4811.86254206926
2010-04-03,B,4802.44620220113
2010-04-04,B,4792.38642528592
2010-04-05,B,4818.09952813311
2010-04-06,B,4811.49732189779
2010-04-07,B,4834.78002956953
2010-04-08,B,4834.29871592847
2010-04-09,B,4813.81945527593
2010-04-10,B,4800.4411101447
2010-04-11,B,4822.59492368356
2010-04-12,B,4832.64166560165
2010-04-13,B,4837.61993813585
2010-04-14,B,4811.16184713198
2010-04-15,B,4826.85979624812
2010-04-16,B,4822.25986183039
2010-04-17,B,4808.95963243917
2010-04-18,B,4844.32612483393
2010-04-19,B,4835.84945794607
2010-04-20,B,4814.7391752624
2010-04-21,B,4834.57086528952
2010-04-22,B,4802.24082588588
2010-04-23,B,4795.36627698983
2010-04-24,B,4809.0382913938
2010-04-25,B,4829.57910280977
2010-04-26,B,4804.20674494259
2010-04-27,B,4799.31196687943
2010-04-28,B,4842.86803469862
2010-04-29,B,4827.61885710038
2010-04-30,B,4803.65107091774
2010-05-01,B,4834.10128568687
2010-05-02,B,4829.59319719417
2010-05-03,B,4782.09633177355
2010-05-04,B,4810.87182761502
2010-05-05,B,4828.15357197024
2010-05-06,B,4824.10511078226
2010-05-07,B,4838.12020933189
2010-05-08,B,4820.99218345753
2010-05-09,B,4788.69964477127
2010-05-10,B,4821.55084032826
2010-05-11,B,4818.77989367024
2010-05-12,B,4818.68713365697
2010-05-13,B,4837.48341680093
2010-05-14,B,4821.16267183044
2010-05-15,B,4826.35763123686
2010-05-16,B,4829.74766028931
2010-05-17,B,4839.19104197798
2010-05-18,B,4840.78412007644
2010-05-19,B,4838.15330378035
2010-05-20,B,4833.06318876768
2010-05-21,B,4838.59718553796
2010-05-22,B,4834.69850776343
2010-05-23,B,4845.65112787383
2010-05-24,B,4824.41599651112
2010-05-25,B,4817.85522711129
2010-05-26,B,4806.13665024825
2010-05-27,B,4841.89184908124
2010-05-28,B,4815.53004643735
2010-05-29,B,4823.6794159133
2010-05-30,B,4814.72956686996
2010-05-31,B,4840.07755149201
2010-06-01,B,4845.74155878439
2010-06-02,B,4813.92522338004
2010-06-03,B,4835.2176213021
2010-06-04,B,4833.49418975743
2010-06-05,B,4827.97989875903
2010-06-06,B,4816.9612425721
2010-06-07,B,4823.23908813302
2010-06-08,B,4834.24645890522
2010-06-09,B,4839.39228242374
2010-06-10,B,4826.52391872378
2010-06-11,B,4823.09394747838
2010-06-12,B,4824.34061271753
2010-06-13,B,4832.63544765016
2010-06-14,B,4828.14741309618
2010-06-15,B,4840.01029964103
2010-06-16,B,4819.76896103476
2010-06-17,B,4830.17024252529
2010-06-18,B,4841.4044026186
2010-06-19,B,4808.82082457123
2010-06-20,B,4825.84960737952
2010-06-21,B,4849.87039662284
2010-06-22,B,4850.9363062063
2010-06-23,B,4816.38110483787
2010-06-24,B,4844.96133472629
2010-06-25,B,4848.8802010542
2010-06-26,B,4841.62535881172
2010-06-27,B,4829.37542784281
2010-06-28,B,4827.11892859004
2010-06-29,B,4834.56522090009
2010-06-30,B,4831.58348000444
2010-07-01,B,4844.28142259816
2010-07-02,B,4835.31346088839
2010-07-03,B,4868.08864623257
2010-07-04,B,4844.06983211552
2010-07-05,B,4822.03657247059
2010-07-06,B,4847.241739069
2010-07-07,B,4829.1692101641
2010-07-08,B,4837.54249389426
2010-07-09,B,4852.63126544796
2010-07-10,B,4847.36763730508
2010-07-11,B,4846.66886952913
2010-07-12,B,4849.9752835571
2010-07-13,B,4829.62684779915
2010-07-14,B,4843.0613943765
2010-07-15,B,4845.89527410025
2010-07-16,B,4849.71411372302
2010-07-17,B,4839.81913139164
2010-07-18,B,4842.88320600033
2010-07-19,B,4850.36220577993
2010-07-20,B,4858.97033061599
2010-07-21,B,4849.90769406025
2010-07-22,B,4851.28817571098
2010-07-23,B,4845.67451749713
2010-07-24,B,4836.93653267758
2010-07-25,B,4851.82769652794
2010-07-26,B,4861.12818718159
2010-07-27,B,4854.58241711463
2010-07-28,B,4842.69054756154
2010-07-29,B,4861.14277859185
2010-07-30,B,4862.17523500748
2010-07-31,B,4880.94096076691
2010-08-01,B,4839.21186189883
2010-08-02,B,4845.66640401974
2010-08-03,B,4838.31587096249
2010-08-04,B,4834.33746074467
2010-08-05,B,4853.77564769068
2010-08-06,B,4840.24388219094
2010-08-07,B,4864.06025238023
2010-08-08,B,4871.77439222227
2010-08-09,B,4845.34302273065
2010-08-10,B,4867.69549504025
2010-08-11,B,4826.16030496386
2010-08-12,B,4859.71354519279
2010-08-13,B,4846.24124289114
2010-08-14,B,4861.13679788657
2010-08-15,B,4863.16612085857
2010-08-16,B,4857.52636611903
2010-08-17,B,4840.53366490614
2010-08-18,B,4843.34380543294
2010-08-19,B,4853.36636082246
2010-08-20,B,4851.73520612811
2010-08-21,B,4849.90539178181
2010-08-22,B,4857.00008016849
2010-08-23,B,4847.96190002739
2010-08-24,B,4862.35720125605
2010-08-25,B,4865.42177934382
2010-08-26,B,4864.26359114247
2010-08-27,B,4870.11652523288
2010-08-28,B,4851.08182467803
2010-08-29,B,4868.44802885939
2010-08-30,B,4846.86146430074
2010-08-31,B,4850.71047141064
2010-09-01,B,4854.54683929327
2010-09-02,B,4848.60479006805
2010-09-03,B,4841.81634783808
2010-09-04,B,4878.40343379849
2010-09-05,B,4849.22567330768
2010-09-06,B,4844.00168756336
2010-09-07,B,4852.59298597493
2010-09-08,B,4852.07130865309
2010-09-09,B,4849.21878903703
2010-09-10,B,4874.42222095054
2010-09-11,B,4865.52698122648
2010-09-12,B,4866.87649784064
2010-09-13,B,4868.68164722635
2010-09-14,B,4852.47179889973
2010-09-15,B,4876.10924810767
2010-09-16,B,4850.0276793981
2010-09-17,B,4888.36228126035
2010-09-18,B,4858.29119004864
2010-09-19,B,4849.8156904209
2010-09-20,B,4853.50010134857
2010-09-21,B,4854.15800300338
2010-09-22,B,4844.29943867289
2010-09-23,B,4863.76216804217
2010-09-24,B,4871.43788918213
2010-09-25,B,4867.51503369372
2010-09-26,B,4849.11522991356
2010-09-27,B,4856.77137883356
2010-09-28,B,4863.1952360056
2010-09-29,B,4876.65870241077
2010-09-30,B,4859.45827439032
2010-10-01,B,4860.98428599234
2010-10-02,B,4857.58839910937
2010-10-03,B,4865.19854328439
2010-10-04,B,4871.62045760024
2010-10-05,B,4855.07948244345
2010-10-06,B,4870.74885612854
2010-10-07,B,4856.41948262329
2010-10-08,B,4876.34134707508
2010-10-09,B,4886.35117877168
2010-10-10,B,4867.1241979255
2010-10-11,B,4864.54879897262
2010-10-12,B,4895.36931024734
2010-10-13,B,4871.51255475727
2010-10-14,B,4856.99924782586
2010-10-15,B,4867.32494953847
2010-10-16,B,4859.57124840306
2010-10-17,B,4869.23331628295
2010-10-18,B,4899.45669893497
2010-10-19,B,4862.42915767751
2010-10-20,B,4866.07226130742
2010-10-21,B,4877.91352063817
2010-10-22,B,4869.64594676108
2010-10-23,B,4868.45795499677
2010-10-24,B,4874.25463406462
2010-10-25,B,4869.37913212016
2010-10-26,B,4892.54602629309
2010-10-27,B,4863.75339959038
2010-10-28,B,4877.46976165264
2010-10-29,B,4860.78293011449
2010-10-30,B,4888.6796521424
2010-10-31,B,4887.44887387097
2010-11-01,B,4863.62965576902
2010-11-02,B,4868.58167571562
2010-11-03,B,4885.8451245174
2010-11-04,B,4876.85021185555
2010-11-05,B,4884.70370570040
2010-11-06,B,4881.87978571271
2010-11-07,B,4864.82687018624
2010-11-08,B,4867.31550549854
2010-11-09,B,4834.51133492808
2010-11-10,B,4850.98343660093
2010-11-11,B,4868.91302169529
2010-11-12,B,4897.0210409508
2010-11-13,B,4869.91591475381
2010-11-14,B,4872.24545363839
2010-11-15,B,4875.31007066648
2010-11-16,B,4884.45193150773
2010-11-17,B,4876.33032981397
2010-11-18,B,4897.59374907789
2010-11-19,B,4871.99279764856
2010-11-20,B,4864.23824429425
2010-11-21,B,4886.40273017666
2010-11-22,B,4877.26387165085
2010-11-23,B,4887.94328765322
2010-11-24,B,4879.31717070186
2010-11-25,B,4893.96623800074
2010-11-26,B,4904.21891894714
2010-11-27,B,4897.97376449567
2010-11-28,B,4893.67491271131
2010-11-29,B,4892.59412648739
2010-11-30,B,4862.78124324247
2010-12-01,B,4872.84901370944
2010-12-02,B,4891.74934384743
2010-12-03,B,4861.57794126645
2010-12-04,B,4884.77312423719
2010-12-05,B,4908.66482673716
2010-12-06,B,4914.12728928093
2010-12-07,B,4874.01644623699
2010-12-08,B,4903.43974581756
2010-12-09,B,4884.34781362629
2010-12-10,B,4870.94583004575
2010-12-11,B,4899.3409754103
2010-12-12,B,4892.4803874048
2010-12-13,B,4871.87466714982
2010-12-14,B,4870.27615969442
2010-12-15,B,4911.04552837304
2010-12-16,B,4891.32670831236
2010-12-17,B,4896.17931745873
2010-12-18,B,4890.53342499165
2010-12-19,B,4895.28289972427
2010-12-20,B,4902.26559442422
2010-12-21,B,4890.2531000147
2010-12-22,B,4874.61098340006
2010-12-23,B,4889.39726884634
2010-12-24,B,4895.14001414812
2010-12-25,B,4864.26085113838
2010-12-26,B,4890.26552640506
2010-12-27,B,4879.62524801691
2010-12-28,B,4888.70134476886
2010-12-29,B,4897.47662352079
2010-12-30,B,4897.12822290755
2010-12-31,B,4885.29271626173
2008-01-01,C,7539.59287475034
2008-01-02,C,7533.41933961453
2008-01-03,C,7531.00619851729
2008-01-04,C,7538.31740661557
2008-01-05,C,7521.01842466453
2008-01-06,C,7546.75201457992
2008-01-07,C,7537.76863732215
2008-01-08,C,7581.77561501756
2008-01-09,C,7542.73629876701
2008-01-10,C,7540.74480628035
2008-01-11,C,7563.35580009637
2008-01-12,C,7559.91788339845
2008-01-13,C,7551.89766931531
2008-01-14,C,7548.08685892357
2008-01-15,C,7587.12888552515
2008-01-16,C,7560.25728159184
2008-01-17,C,7541.90323150792
2008-01-18,C,7551.2893711481
2008-01-19,C,7533.24269416853
2008-01-20,C,7566.69053096569
2008-01-21,C,7534.15246829851
2008-01-22,C,7546.82197939808
2008-01-23,C,7529.48203098397
2008-01-24,C,7552.50616078335
2008-01-25,C,7552.21814760707
2008-01-26,C,7549.42246896613
2008-01-27,C,7556.3047361134
2008-01-28,C,7563.78460324358
2008-01-29,C,7526.0548812141
2008-01-30,C,7552.76556754016
2008-01-31,C,7560.43783448167
2008-02-01,C,7549.274044842
2008-02-02,C,7542.48345135123
2008-02-03,C,7557.50196390645
2008-02-04,C,7537.84346245205
2008-02-05,C,7548.5147320565
2008-02-06,C,7578.82239625558
2008-02-07,C,7574.0190164089
2008-02-08,C,7551.47431924804
2008-02-09,C,7560.31299107102
2008-02-10,C,7566.5129405053
2008-02-11,C,7555.86161698464
2008-02-12,C,7545.57851500973
2008-02-13,C,7543.33214665994
2008-02-14,C,7576.38053837823
2008-02-15,C,7565.48984381124
2008-02-16,C,7546.94539670478
2008-02-17,C,7599.40675298126
2008-02-18,C,7544.30913804157
2008-02-19,C,7555.22640207695
2008-02-20,C,7574.13423683545
2008-02-21,C,7560.79043514287
2008-02-22,C,7585.8410421829
2008-02-23,C,7542.43403886941
2008-02-24,C,7569.97547083713
2008-02-25,C,7600.57322890185
2008-02-26,C,7587.34695611169
2008-02-27,C,7549.48385699642
2008-02-28,C,7559.50635768343
2008-02-29,C,7563.46799071748
2008-03-01,C,7562.77155147801
2008-03-02,C,7565.14815278065
2008-03-03,C,7571.20484001859
2008-03-04,C,7574.74362061986
2008-03-05,C,7576.86096848979
2008-03-06,C,7563.0392749535
2008-03-07,C,7553.92323847778
2008-03-08,C,7593.54926071923
2008-03-09,C,7569.76334020196
2008-03-10,C,7593.50265326752
2008-03-11,C,7546.65270113795
2008-03-12,C,7604.9085955486
2008-03-13,C,7565.89660302697
2008-03-14,C,7558.3246126584
2008-03-15,C,7559.52494825537
2008-03-16,C,7595.06226174442
2008-03-17,C,7569.3437114399
2008-03-18,C,7588.36134057585
2008-03-19,C,7607.62787126614
2008-03-20,C,7592.07301389461
2008-03-21,C,7579.77494448252
2008-03-22,C,7538.31463271849
2008-03-23,C,7579.83895812341
2008-03-24,C,7603.67998925693
2008-03-25,C,7585.51718607429
2008-03-26,C,7572.83883967782
2008-03-27,C,7572.16261693841
2008-03-28,C,7584.5942244266
2008-03-29,C,7561.64525523162
2008-03-30,C,7586.25651666735
2008-03-31,C,7600.13697008961
2008-04-01,C,7554.94691250366
2008-04-02,C,7583.583078173
2008-04-03,C,7582.14497877945
2008-04-04,C,7577.07017835507
2008-04-05,C,7590.87060020936
2008-04-06,C,7566.78177143205
2008-04-07,C,7578.4523955862
2008-04-08,C,7602.89636086432
2008-04-09,C,7605.12092876376
2008-04-10,C,7582.63406355344
2008-04-11,C,7617.08155558419
2008-04-12,C,7610.84314724065
2008-04-13,C,7573.93932857903
2008-04-14,C,7576.33141526562
2008-04-15,C,7608.83292647515
2008-04-16,C,7610.88103380752
2008-04-17,C,7586.61870240324
2008-04-18,C,7604.75086185121
2008-04-19,C,7616.37577543092
2008-04-20,C,7600.3889408512
2008-04-21,C,7571.55013262024
2008-04-22,C,7600.71104714349
2008-04-23,C,7582.25715197374
2008-04-24,C,7578.5606875474
2008-04-25,C,7598.26352844276
2008-04-26,C,7620.07734474559
2008-04-27,C,7594.66599162829
2008-04-28,C,7578.34030492914
2008-04-29,C,7569.82766996451
2008-04-30,C,7583.1539462758
2008-05-01,C,7608.72555491129
2008-05-02,C,7590.5419118259
2008-05-03,C,7611.82111792275
2008-05-04,C,7613.1836719103
2008-05-05,C,7599.62989802151
2008-05-06,C,7593.69685371517
2008-05-07,C,7595.44115716803
2008-05-08,C,7618.08832720325
2008-05-09,C,7598.26178785743
2008-05-10,C,7613.32134432314
2008-05-11,C,7608.09236005994
2008-05-12,C,7592.28053150079
2008-05-13,C,7592.63602817846
2008-05-14,C,7574.64016048165
2008-05-15,C,7639.11106165545
2008-05-16,C,7573.7590031486
2008-05-17,C,7587.63517981856
2008-05-18,C,7573.0740421258
2008-05-19,C,7622.70649034456
2008-05-20,C,7634.48926808077
2008-05-21,C,7621.96660950967
2008-05-22,C,7599.45498292629
2008-05-23,C,7627.10055988097
2008-05-24,C,7609.61866711166
2008-05-25,C,7618.11561108728
2008-05-26,C,7637.1268508853
2008-05-27,C,7615.51615953371
2008-05-28,C,7593.95836780255
2008-05-29,C,7614.18861176845
2008-05-30,C,7587.5766476348
2008-05-31,C,7628.47285984474
2008-06-01,C,7613.67007430189
2008-06-02,C,7614.38142086499
2008-06-03,C,7634.91421896619
2008-06-04,C,7594.87323962784
2008-06-05,C,7640.64333871646
2008-06-06,C,7614.40547614196
2008-06-07,C,7621.37577721255
2008-06-08,C,7607.1447203019
2008-06-09,C,7601.24112366419
2008-06-10,C,7625.28601189324
2008-06-11,C,7617.72621876198
2008-06-12,C,7652.8718730276
2008-06-13,C,7619.2624193596
2008-06-14,C,7628.15079397844
2008-06-15,C,7635.64047948683
2008-06-16,C,7650.07196935662
2008-06-17,C,7604.69561020618
2008-06-18,C,7630.05621632768
2008-06-19,C,7631.07228660827
2008-06-20,C,7621.32466568583
2008-06-21,C,7613.31403199863
2008-06-22,C,7624.65378196944
2008-06-23,C,7617.44257164801
2008-06-24,C,7660.27186171703
2008-06-25,C,7605.78597580788
2008-06-26,C,7628.99741452353
2008-06-27,C,7614.13678934604
2008-06-28,C,7623.14395847889
2008-06-29,C,7612.25519926731
2008-06-30,C,7635.25574093992
2008-07-01,C,7621.1487708316
2008-07-02,C,7635.34847658517
2008-07-03,C,7636.51988605035
2008-07-04,C,7614.40957733464
2008-07-05,C,7620.58759656422
2008-07-06,C,7588.33971863058
2008-07-07,C,7633.65198386339
2008-07-08,C,7630.73537324176
2008-07-09,C,7649.8988724414
2008-07-10,C,7617.91853643157
2008-07-11,C,7623.97076457185
2008-07-12,C,7653.8762146953
2008-07-13,C,7619.01229060462
2008-07-14,C,7626.49385262197
2008-07-15,C,7621.61753870766
2008-07-16,C,7627.25876774008
2008-07-17,C,7633.61087970943
2008-07-18,C,7659.03440296699
2008-07-19,C,7633.40978663676
2008-07-20,C,7646.13454294393
2008-07-21,C,7636.47130909921
2008-07-22,C,7653.47229298481
2008-07-23,C,7644.01741405262
2008-07-24,C,7680.30184530596
2008-07-25,C,7662.04786343001
2008-07-26,C,7679.4032718698
2008-07-27,C,7645.19819015257
2008-07-28,C,7645.53299450757
2008-07-29,C,7637.16474088395
2008-07-30,C,7669.7341202959
2008-07-31,C,7646.26235329145
2008-08-01,C,7659.82551286476
2008-08-02,C,7652.56728269162
2008-08-03,C,7663.06255882618
2008-08-04,C,7649.39997577594
2008-08-05,C,7661.59421728039
2008-08-06,C,7635.26765101475
2008-08-07,C,7653.51354756698
2008-08-08,C,7634.07324113888
2008-08-09,C,7651.07658033317
2008-08-10,C,7671.77333209483
2008-08-11,C,7663.20615943953
2008-08-12,C,7659.14261990637
2008-08-13,C,7674.31885348586
2008-08-14,C,7666.26447711262
2008-08-15,C,7679.89042332407
2008-08-16,C,7632.27815862756
2008-08-17,C,7637.60401336393
2008-08-18,C,7626.06244757646
2008-08-19,C,7658.24097625963
2008-08-20,C,7639.51209858916
2008-08-21,C,7674.28355187421
2008-08-22,C,7651.02886690576
2008-08-23,C,7671.01700974123
2008-08-24,C,7660.77969556254
2008-08-25,C,7644.12145478707
2008-08-26,C,7676.19939539189
2008-08-27,C,7668.40624801888
2008-08-28,C,7659.07759110522
2008-08-29,C,7642.72830306638
2008-08-30,C,7671.91893418302
2008-08-31,C,7663.99169951033
2008-09-01,C,7673.0984256277
2008-09-02,C,7633.7770659921
2008-09-03,C,7660.98340467212
2008-09-04,C,7662.68398325103
2008-09-05,C,7648.25108814967
2008-09-06,C,7669.00868330616
2008-09-07,C,7646.46855379342
2008-09-08,C,7667.37837315089
2008-09-09,C,7686.93755493932
2008-09-10,C,7660.98184306538
2008-09-11,C,7654.66055872962
2008-09-12,C,7665.57497967643
2008-09-13,C,7642.92093466787
2008-09-14,C,7663.20052524144
2008-09-15,C,7677.38808902363
2008-09-16,C,7679.50288319656
2008-09-17,C,7675.68722201221
2008-09-18,C,7644.27013569893
2008-09-19,C,7672.42523404515
2008-09-20,C,7694.46939202822
2008-09-21,C,7631.7708890912
2008-09-22,C,7660.8085640404
2008-09-23,C,7688.39569024863
2008-09-24,C,7688.24180442638
2008-09-25,C,7662.98049495705
2008-09-26,C,7692.34412414809
2008-09-27,C,7665.8988369908
2008-09-28,C,7663.98036343229
2008-09-29,C,7695.42678522997
2008-09-30,C,7669.84862004577
2008-10-01,C,7666.83856736382
2008-10-02,C,7654.25025748776
2008-10-03,C,7685.57267651072
2008-10-04,C,7699.33534362683
2008-10-05,C,7668.66972835694
2008-10-06,C,7673.9617659253
2008-10-07,C,7664.33548138696
2008-10-08,C,7641.78048115075
2008-10-09,C,7676.28319268468
2008-10-10,C,7688.54700160363
2008-10-11,C,7669.55042338142
2008-10-12,C,7678.33673743532
2008-10-13,C,7666.21424414033
2008-10-14,C,7634.42619890848
2008-10-15,C,7689.40610260324
2008-10-16,C,7675.21490890324
2008-10-17,C,7694.74937845514
2008-10-18,C,7695.74988992395
2008-10-19,C,7667.90127283659
2008-10-20,C,7664.36739614862
2008-10-21,C,7689.21364618914
2008-10-22,C,7697.79934964086
2008-10-23,C,7702.59506156537
2008-10-24,C,7666.67379831948
2008-10-25,C,7705.67116550765
2008-10-26,C,7702.38456779207
2008-10-27,C,7678.68765248618
2008-10-28,C,7662.74776570218
2008-10-29,C,7704.22022829479
2008-10-30,C,7668.74060005507
2008-10-31,C,7644.83639398361
2008-11-01,C,7686.37582395664
2008-11-02,C,7660.7075594084
2008-11-03,C,7712.08843598246
2008-11-04,C,7701.95106900237
2008-11-05,C,7725.76180791216
2008-11-06,C,7700.0987476696
2008-11-07,C,7704.17885461343
2008-11-08,C,7702.7574988259
2008-11-09,C,7704.97458687779
2008-11-10,C,7678.71566396758
2008-11-11,C,7696.89502281917
2008-11-12,C,7678.72444266572
2008-11-13,C,7684.60756659022
2008-11-14,C,7687.63789425605
2008-11-15,C,7709.35583988993
2008-11-16,C,7682.7997981112
2008-11-17,C,7707.21320732015
2008-11-18,C,7717.45735173552
2008-11-19,C,7700.36983467046
2008-11-20,C,7707.17745183696
2008-11-21,C,7715.1515895277
2008-11-22,C,7735.47072698509
2008-11-23,C,7696.99520408306
2008-11-24,C,7734.17576604547
2008-11-25,C,7704.79800128779
2008-11-26,C,7724.65396778703
2008-11-27,C,7688.80773292511
2008-11-28,C,7710.27409778606
2008-11-29,C,7739.95005838877
2008-11-30,C,7699.36547814697
2008-12-01,C,7672.30539164655
2008-12-02,C,7749.09294342625
2008-12-03,C,7707.96019196139
2008-12-04,C,7708.8572656091
2008-12-05,C,7730.46903571556
2008-12-06,C,7667.49914320518
2008-12-07,C,7690.41977733881
2008-12-08,C,7713.34551416356
2008-12-09,C,7672.56540462836
2008-12-10,C,7739.62536362463
2008-12-11,C,7734.53014662343
2008-12-12,C,7724.1416109107
2008-12-13,C,7738.84501520232
2008-12-14,C,7707.70091720977
2008-12-15,C,7684.6926203669
2008-12-16,C,7729.04363559805
2008-12-17,C,7699.95208462618
2008-12-18,C,7702.31191060051
2008-12-19,C,7714.108504341
2008-12-20,C,7727.7944801689
2008-12-21,C,7706.68233253246
2008-12-22,C,7718.03741190687
2008-12-23,C,7708.9773570356
2008-12-24,C,7719.45468829751
2008-12-25,C,7716.11914217053
2008-12-26,C,7718.78050936448
2008-12-27,C,7719.76031939013
2008-12-28,C,7729.64201093827
2008-12-29,C,7756.09364760759
2008-12-30,C,7701.42332985057
2008-12-31,C,7720.75087005347
2009-01-01,C,7717.31994403353
2009-01-02,C,7739.29346268464
2009-01-03,C,7725.28563549918
2009-01-04,C,7710.08942424847
2009-01-05,C,7720.36706383705
2009-01-06,C,7712.004134151
2009-01-07,C,7738.7107503049
2009-01-08,C,7744.49278962913
2009-01-09,C,7743.85733227139
2009-01-10,C,7740.82833064841
2009-01-11,C,7723.65704076257
2009-01-12,C,7748.95346369239
2009-01-13,C,7732.07810191944
2009-01-14,C,7712.03548152033
2009-01-15,C,7721.7373285338
2009-01-16,C,7744.26976945684
2009-01-17,C,7693.79910219371
2009-01-18,C,7714.81619823989
2009-01-19,C,7737.83917864696
2009-01-20,C,7718.85450284044
2009-01-21,C,7752.6972264846
2009-01-22,C,7745.98415780695
2009-01-23,C,7719.99507860241
2009-01-24,C,7746.45721763668
2009-01-25,C,7737.84571348279
2009-01-26,C,7772.95231532336
2009-01-27,C,7719.33077723
2009-01-28,C,7748.6993999648
2009-01-29,C,7733.29783945521
2009-01-30,C,7721.70552886599
2009-01-31,C,7756.5015182585
2009-02-01,C,7748.03983507881
2009-02-02,C,7723.98010775186
2009-02-03,C,7753.43250880459
2009-02-04,C,7734.92269165077
2009-02-05,C,7757.1469588758
2009-02-06,C,7719.6743610033
2009-02-07,C,7749.9200235864
2009-02-08,C,7758.8073860774
2009-02-09,C,7766.95745010146
2009-02-10,C,7747.36732230316
2009-02-11,C,7739.66038434387
2009-02-12,C,7736.23662294874
2009-02-13,C,7740.41024936301
2009-02-14,C,7739.33211458539
2009-02-15,C,7741.29648574543
2009-02-16,C,7747.86894318592
2009-02-17,C,7768.31804094792
2009-02-18,C,7763.20354921878
2009-02-19,C,7769.53273516073
2009-02-20,C,7761.78919376572
2009-02-21,C,7750.24387211287
2009-02-22,C,7777.25153791155
2009-02-23,C,7786.52183935707
2009-02-24,C,7753.69499132336
2009-02-25,C,7734.79639795413
2009-02-26,C,7740.84178489497
2009-02-27,C,7763.82875038064
2009-02-28,C,7739.91492568019
2009-03-01,C,7744.53950042281
2009-03-02,C,7751.68751328835
2009-03-03,C,7749.20856231637
2009-03-04,C,7746.34499570522
2009-03-05,C,7749.33217973626
2009-03-06,C,7739.38120506264
2009-03-07,C,7736.57513400635
2009-03-08,C,7724.18775594223
2009-03-09,C,7773.79446405647
2009-03-10,C,7752.98286146747
2009-03-11,C,7762.47300934684
2009-03-12,C,7731.60373200837
2009-03-13,C,7750.44904359309
2009-03-14,C,7764.0109887516
2009-03-15,C,7760.00055612597
2009-03-16,C,7743.50617067347
2009-03-17,C,7771.62928163371
2009-03-18,C,7749.55670137082
2009-03-19,C,7761.45126154636
2009-03-20,C,7766.62814550121
2009-03-21,C,7765.78098826183
2009-03-22,C,7758.32789630211
2009-03-23,C,7780.76850304265
2009-03-24,C,7741.89645220142
2009-03-25,C,7761.00987445107
2009-03-26,C,7780.65524267169
2009-03-27,C,7752.94978509907
2009-03-28,C,7777.88359795759
2009-03-29,C,7773.53076327924
2009-03-30,C,7760.31043855894
2009-03-31,C,7784.99466312529
2009-04-01,C,7773.38712963045
2009-04-02,C,7767.06929706719
2009-04-03,C,7757.84105345124
2009-04-04,C,7720.45184807053
2009-04-05,C,7785.85898760742
2009-04-06,C,7785.71108500244
2009-04-07,C,7751.5422014148
2009-04-08,C,7801.28374381781
2009-04-09,C,7778.11239126532
2009-04-10,C,7778.83090425585
2009-04-11,C,7784.72286649109
2009-04-12,C,7776.98306263522
2009-04-13,C,7766.00099216745
2009-04-14,C,7797.8684841857
2009-04-15,C,7787.2589384664
2009-04-16,C,7784.79543108166
2009-04-17,C,7754.83678655887
2009-04-18,C,7769.66282732138
2009-04-19,C,7775.23268498143
2009-04-20,C,7758.050013096
2009-04-21,C,7793.50469627013
2009-04-22,C,7750.96893586324
2009-04-23,C,7798.12707413602
2009-04-24,C,7773.31778962685
2009-04-25,C,7778.02116269436
2009-04-26,C,7793.71026605722
2009-04-27,C,7797.01182021568
2009-04-28,C,7761.90734767911
2009-04-29,C,7787.09952839884
2009-04-30,C,7807.1161331333
2009-05-01,C,7776.7436936826
2009-05-02,C,7789.61982205966
2009-05-03,C,7783.84183727883
2009-05-04,C,7792.83113248468
2009-05-05,C,7796.67559798837
2009-05-06,C,7782.11481905584
2009-05-07,C,7788.26914954725
2009-05-08,C,7795.06190658238
2009-05-09,C,7781.05128139151
2009-05-10,C,7804.15938602148
2009-05-11,C,7784.07409754197
2009-05-12,C,7770.46373244272
2009-05-13,C,7791.08748721548
2009-05-14,C,7777.72991759282
2009-05-15,C,7780.27945568922
2009-05-16,C,7800.33964902506
2009-05-17,C,7774.13914405457
2009-05-18,C,7779.5355487652
2009-05-19,C,7783.81926199458
2009-05-20,C,7816.09208863762
2009-05-21,C,7845.46366970875
2009-05-22,C,7768.98904889768
2009-05-23,C,7805.93134859843
2009-05-24,C,7821.64874878856
2009-05-25,C,7778.48765086587
2009-05-26,C,7822.42532344536
2009-05-27,C,7815.75982597468
2009-05-28,C,7810.03599450931
2009-05-29,C,7813.53300263188
2009-05-30,C,7772.81558448892
2009-05-31,C,7775.8731592199
2009-06-01,C,7786.05163361024
2009-06-02,C,7798.1628437751
2009-06-03,C,7795.28229442871
2009-06-04,C,7796.27076177203
2009-06-05,C,7808.15511715352
2009-06-06,C,7846.05981855464
2009-06-07,C,7793.35040531763
2009-06-08,C,7824.1975304416
2009-06-09,C,7795.51804763699
2009-06-10,C,7832.19773084248
2009-06-11,C,7788.17542734263
2009-06-12,C,7809.06763383736
2009-06-13,C,7799.42270551686
2009-06-14,C,7785.58130008717
2009-06-15,C,7802.41431941984
2009-06-16,C,7823.00440583593
2009-06-17,C,7778.4684728384
2009-06-18,C,7796.60834582605
2009-06-19,C,7827.5043366398
2009-06-20,C,7821.50384984834
2009-06-21,C,7799.67688042287
2009-06-22,C,7800.25418434954
2009-06-23,C,7825.07040939214
2009-06-24,C,7828.63719153331
2009-06-25,C,7799.18697014805
2009-06-26,C,7816.68058260125
2009-06-27,C,7817.84109191398
2009-06-28,C,7804.49240279153
2009-06-29,C,7775.96184312368
2009-06-30,C,7775.99579056933
2009-07-01,C,7790.1832740777
2009-07-02,C,7804.67116255567
2009-07-03,C,7857.4530836591
2009-07-04,C,7809.5299189925
2009-07-05,C,7811.58560638223
2009-07-06,C,7785.96393049467
2009-07-07,C,7821.19651934384
2009-07-08,C,7797.86753345318
2009-07-09,C,7815.01184787373
2009-07-10,C,7833.74347743534
2009-07-11,C,7843.91696175204
2009-07-12,C,7818.62513974118
2009-07-13,C,7805.40820424423
2009-07-14,C,7806.21646551604
2009-07-15,C,7816.6778633899
2009-07-16,C,7832.2795545075
2009-07-17,C,7791.75262358609
2009-07-18,C,7830.27817317184
2009-07-19,C,7803.16591537469
2009-07-20,C,7823.04611935284
2009-07-21,C,7815.14234698073
2009-07-22,C,7805.59209234083
2009-07-23,C,7827.62001163217
2009-07-24,C,7841.40294853513
2009-07-25,C,7820.2276179381
2009-07-26,C,7805.59997486554
2009-07-27,C,7818.04520582251
2009-07-28,C,7819.32091117552
2009-07-29,C,7805.98240839953
2009-07-30,C,7818.88514230795
2009-07-31,C,7846.45317573016
2009-08-01,C,7826.42954561875
2009-08-02,C,7813.43506094428
2009-08-03,C,7817.14682233166
2009-08-04,C,7828.1141658882
2009-08-05,C,7854.7034735278
2009-08-06,C,7832.34778098662
2009-08-07,C,7814.48170427315
2009-08-08,C,7847.12691917524
2009-08-09,C,7859.11399917887
2009-08-10,C,7833.54577090726
2009-08-11,C,7809.45968391051
2009-08-12,C,7849.30545536457
2009-08-13,C,7815.09926128365
2009-08-14,C,7819.54997319753
2009-08-15,C,7828.85985516034
2009-08-16,C,7805.16568483067
2009-08-17,C,7846.83572628862
2009-08-18,C,7849.2735336905
2009-08-19,C,7836.14369621756
2009-08-20,C,7846.06227891587
2009-08-21,C,7833.57250119953
2009-08-22,C,7841.49757270973
2009-08-23,C,7835.5575368653
2009-08-24,C,7839.94114110152
2009-08-25,C,7848.60052955381
2009-08-26,C,7830.57318056031
2009-08-27,C,7833.40813543017
2009-08-28,C,7813.52153799434
2009-08-29,C,7863.21077160172
2009-08-30,C,7807.05429887562
2009-08-31,C,7879.18682208483
2009-09-01,C,7841.97133956637
2009-09-02,C,7838.01836266783
2009-09-03,C,7874.06997148145
2009-09-04,C,7847.68382640047
2009-09-05,C,7811.85250926936
2009-09-06,C,7850.01268450684
2009-09-07,C,7842.91572824818
2009-09-08,C,7840.80949859509
2009-09-09,C,7836.79905805429
2009-09-10,C,7840.10595447442
2009-09-11,C,7857.8001234679
2009-09-12,C,7879.42786139823
2009-09-13,C,7866.63515063046
2009-09-14,C,7866.01234604605
2009-09-15,C,7846.67165026142
2009-09-16,C,7837.2988548635
2009-09-17,C,7858.5313592792
2009-09-18,C,7821.31847995102
2009-09-19,C,7836.6113707886
2009-09-20,C,7829.89889968067
2009-09-21,C,7864.9331132297
2009-09-22,C,7873.50134524793
2009-09-23,C,7850.25630150351
2009-09-24,C,7836.37304163977
2009-09-25,C,7854.35858007387
2009-09-26,C,7863.46334888402
2009-09-27,C,7837.52188323906
2009-09-28,C,7857.14397789742
2009-09-29,C,7878.12615810378
2009-09-30,C,7820.92773958194
2009-10-01,C,7876.34956102965
2009-10-02,C,7846.96270500328
2009-10-03,C,7855.50641564082
2009-10-04,C,7830.33814473879
2009-10-05,C,7868.64557400735
2009-10-06,C,7871.0486079494
2009-10-07,C,7846.03149891273
2009-10-08,C,7858.42004478323
2009-10-09,C,7860.44069161837
2009-10-10,C,7842.45238877824
2009-10-11,C,7866.97117622335
2009-10-12,C,7852.78696203703
2009-10-13,C,7876.63710513212
2009-10-14,C,7874.19009247032
2009-10-15,C,7883.01777348896
2009-10-16,C,7866.13036092924
2009-10-17,C,7866.46453524652
2009-10-18,C,7851.90392819876
2009-10-19,C,7833.56718629462
2009-10-20,C,7847.66450331291
2009-10-21,C,7877.41184514418
2009-10-22,C,7859.98864297708
2009-10-23,C,7863.37012557864
2009-10-24,C,7851.88097641323
2009-10-25,C,7879.98168664749
2009-10-26,C,7878.54111659063
2009-10-27,C,7888.64476769641
2009-10-28,C,7838.63938189909
2009-10-29,C,7882.27635350387
2009-10-30,C,7864.2608441749
2009-10-31,C,7884.93091335762
2009-11-01,C,7885.54864648185
2009-11-02,C,7860.24128539136
2009-11-03,C,7886.90599860699
2009-11-04,C,7879.43094567988
2009-11-05,C,7867.38862733053
2009-11-06,C,7871.5696416976
2009-11-07,C,7899.60131280401
2009-11-08,C,7880.63221770142
2009-11-09,C,7892.05164002634
2009-11-10,C,7899.4508036076
2009-11-11,C,7849.34502997207
2009-11-12,C,7897.80005712123
2009-11-13,C,7853.52335379488
2009-11-14,C,7880.76202201192
2009-11-15,C,7897.56420127293
2009-11-16,C,7886.6509419138
2009-11-17,C,7889.47072619762
2009-11-18,C,7861.25113897716
2009-11-19,C,7871.628289897
2009-11-20,C,7880.42622679045
2009-11-21,C,7891.29196045903
2009-11-22,C,7904.57044606095
2009-11-23,C,7875.83556972206
2009-11-24,C,7877.66985737843
2009-11-25,C,7889.77198645447
2009-11-26,C,7854.18495741582
2009-11-27,C,7866.94968735521
2009-11-28,C,7836.79390101478
2009-11-29,C,7866.03297155
2009-11-30,C,7901.21679606085
2009-12-01,C,7878.67936337422
2009-12-02,C,7888.3397300799
2009-12-03,C,7885.43879521228
2009-12-04,C,7896.0843444079
2009-12-05,C,7893.5830361615
2009-12-06,C,7897.62520975334
2009-12-07,C,7899.36399521796
2009-12-08,C,7866.93561176859
2009-12-09,C,7889.52819061682
2009-12-10,C,7894.74830463133
2009-12-11,C,7911.45116653535
2009-12-12,C,7895.39576308725
2009-12-13,C,7883.96638587884
2009-12-14,C,7894.35687164541
2009-12-15,C,7897.44133455938
2009-12-16,C,7888.9916016453
2009-12-17,C,7933.01496580489
2009-12-18,C,7897.42583701966
2009-12-19,C,7876.00134548848
2009-12-20,C,7919.67396307528
2009-12-21,C,7918.28679827732
2009-12-22,C,7888.82322686042
2009-12-23,C,7880.37192508113
2009-12-24,C,7910.72176655797
2009-12-25,C,7894.53690480755
2009-12-26,C,7893.24941470908
2009-12-27,C,7930.7500748067
2009-12-28,C,7883.9910269579
2009-12-29,C,7929.22981880667
2009-12-30,C,7913.46622346572
2009-12-31,C,7929.5935054128
2010-01-01,C,7931.48446588942
2010-01-02,C,7899.7547221484
2010-01-03,C,7888.42473226412
2010-01-04,C,7924.06897122406
2010-01-05,C,7928.50082621872
2010-01-06,C,7902.41315494778
2010-01-07,C,7879.00341082292
2010-01-08,C,7933.19780040124
2010-01-09,C,7905.3975756261
2010-01-10,C,7891.56777314255
2010-01-11,C,7905.71336625482
2010-01-12,C,7892.5316247271
2010-01-13,C,7921.0089445944
2010-01-14,C,7931.77976207902
2010-01-15,C,7910.52945589047
2010-01-16,C,7892.09161698257
2010-01-17,C,7927.40869852243
2010-01-18,C,7887.06933646356
2010-01-19,C,7908.6623900636
2010-01-20,C,7922.61709371245
2010-01-21,C,7895.22102541588
2010-01-22,C,7926.65111332814
2010-01-23,C,7939.08688169148
2010-01-24,C,7901.67189954682
2010-01-25,C,7915.17090704969
2010-01-26,C,7934.13520776465
2010-01-27,C,7956.18833189417
2010-01-28,C,7961.9584129791
2010-01-29,C,7945.2331740666
2010-01-30,C,7912.30129943982
2010-01-31,C,7950.67451959231
2010-02-01,C,7911.00671746202
2010-02-02,C,7949.0026688194
2010-02-03,C,7936.1901574504
2010-02-04,C,7946.28691822614
2010-02-05,C,7882.62634007961
2010-02-06,C,7939.69445455968
2010-02-07,C,7935.35439419282
2010-02-08,C,7932.36356891348
2010-02-09,C,7901.09654227735
2010-02-10,C,7924.08053901393
2010-02-11,C,7929.70564218047
2010-02-12,C,7923.99202812705
2010-02-13,C,7929.39846485653
2010-02-14,C,7935.04539117185
2010-02-15,C,7923.89095772314
2010-02-16,C,7940.71047527442
2010-02-17,C,7955.07735922403
2010-02-18,C,7932.00015308413
2010-02-19,C,7902.16146536635
2010-02-20,C,7917.57663143555
2010-02-21,C,7967.22707347531
2010-02-22,C,7955.13864562977
2010-02-23,C,7927.14943357062
2010-02-24,C,7917.0071598217
2010-02-25,C,7950.5986688741
2010-02-26,C,7899.49840843367
2010-02-27,C,7896.23355960543
2010-02-28,C,7920.27659382076
2010-03-01,C,7918.88381469826
2010-03-02,C,7934.06039417048
2010-03-03,C,7940.48723999371
2010-03-04,C,7942.53539545005
2010-03-05,C,7939.05130617224
2010-03-06,C,7931.43949028944
2010-03-07,C,7948.18676156468
2010-03-08,C,7938.42027160269
2010-03-09,C,7946.59171276369
2010-03-10,C,7934.32313306559
2010-03-11,C,7925.67686357366
2010-03-12,C,7929.3615041129
2010-03-13,C,7933.43839162151
2010-03-14,C,7920.47159436469
2010-03-15,C,7916.02988565495
2010-03-16,C,7930.890131401
2010-03-17,C,7939.14837921267
2010-03-18,C,7950.22070895629
2010-03-19,C,7906.77567073394
2010-03-20,C,7948.53353188545
2010-03-21,C,7955.21353430153
2010-03-22,C,7961.15728124001
2010-03-23,C,7958.92865386184
2010-03-24,C,7949.09210774554
2010-03-25,C,7952.09061528013
2010-03-26,C,7952.56512402483
2010-03-27,C,7932.63327998638
2010-03-28,C,7935.15813616055
2010-03-29,C,7942.047331851
2010-03-30,C,7956.96667669783
2010-03-31,C,7957.74080812018
2010-04-01,C,7962.41712275757
2010-04-02,C,7974.49755181421
2010-04-03,C,7943.95509153935
2010-04-04,C,7948.24639001719
2010-04-05,C,7926.55980182695
2010-04-06,C,7994.2173751784
2010-04-07,C,7954.87725128041
2010-04-08,C,7980.16710070098
2010-04-09,C,7964.9538755149
2010-04-10,C,7954.04193221587
2010-04-11,C,7980.54160012344
2010-04-12,C,7966.91767334877
2010-04-13,C,7968.87969086619
2010-04-14,C,7985.32282775169
2010-04-15,C,7980.46463166594
2010-04-16,C,7963.74730927419
2010-04-17,C,7965.41325110638
2010-04-18,C,7966.0078221441
2010-04-19,C,7968.60804330023
2010-04-20,C,7966.45631197194
2010-04-21,C,7958.9773316281
2010-04-22,C,7961.95961214703
2010-04-23,C,7964.55670610113
2010-04-24,C,7979.40066414576
2010-04-25,C,7957.17926250129
2010-04-26,C,7944.17720479746
2010-04-27,C,7971.54792739114
2010-04-28,C,7952.26546745268
2010-04-29,C,7963.9231158202
2010-04-30,C,7964.78437853698
2010-05-01,C,7948.89468843304
2010-05-02,C,7997.46615810521
2010-05-03,C,7966.225433238
2010-05-04,C,7946.7980972135
2010-05-05,C,7955.25461609509
2010-05-06,C,7974.38381391265
2010-05-07,C,7968.5479974025
2010-05-08,C,7966.81131090399
2010-05-09,C,8016.19133630911
2010-05-10,C,7962.08815550137
2010-05-11,C,7984.20490730766
2010-05-12,C,7952.95844076201
2010-05-13,C,7962.60708082137
2010-05-14,C,7987.21405524723
2010-05-15,C,7949.46806346906
2010-05-16,C,7985.73061772526
2010-05-17,C,7969.57940158783
2010-05-18,C,7965.15410906368
2010-05-19,C,7963.60595718932
2010-05-20,C,7968.79741812958
2010-05-21,C,7958.8891159724
2010-05-22,C,7993.55599384484
2010-05-23,C,7984.23046931928
2010-05-24,C,7972.65093542718
2010-05-25,C,7958.09883167082
2010-05-26,C,7964.86236944748
2010-05-27,C,7992.42646058383
2010-05-28,C,7941.54660102836
2010-05-29,C,7992.24729555195
2010-05-30,C,7958.49927875112
2010-05-31,C,7956.0773756618
2010-06-01,C,7969.98747410384
2010-06-02,C,8017.4665151194
2010-06-03,C,7976.3222525923
2010-06-04,C,7970.75098892638
2010-06-05,C,7975.47370576937
2010-06-06,C,7992.7042585636
2010-06-07,C,7925.34250836128
2010-06-08,C,7995.33705223961
2010-06-09,C,7972.06988980971
2010-06-10,C,7949.08855422582
2010-06-11,C,7959.68215300963
2010-06-12,C,7985.19306338991
2010-06-13,C,7960.6593562337
2010-06-14,C,7988.19933806343
2010-06-15,C,7980.7536176319
2010-06-16,C,8009.46764160065
2010-06-17,C,8026.84467050775
2010-06-18,C,7988.4230940849
2010-06-19,C,8010.82080394539
2010-06-20,C,7992.09461642072
2010-06-21,C,8003.15007714642
2010-06-22,C,8007.33162805763
2010-06-23,C,7996.3778814702
2010-06-24,C,7971.90604438188
2010-06-25,C,8009.91164812488
2010-06-26,C,8016.96037777697
2010-06-27,C,7989.77633659573
2010-06-28,C,8011.25679342988
2010-06-29,C,8007.18130769827
2010-06-30,C,7994.65532277005
2010-07-01,C,8005.1575667042
2010-07-02,C,7997.65214486675
2010-07-03,C,7983.67344912522
2010-07-04,C,7958.65512625575
2010-07-05,C,7982.5052088443
2010-07-06,C,7960.15691009736
2010-07-07,C,8000.97128654835
2010-07-08,C,7984.5433265296
2010-07-09,C,8021.22065893991
2010-07-10,C,7974.06998251169
2010-07-11,C,8003.5748425445
2010-07-12,C,7996.6859931395
2010-07-13,C,8003.8879256549
2010-07-14,C,7994.24779586443
2010-07-15,C,8004.18265618825
2010-07-16,C,8005.12256630976
2010-07-17,C,7982.04464193024
2010-07-18,C,7985.79867688013
2010-07-19,C,8009.49989461609
2010-07-20,C,8017.49734349021
2010-07-21,C,7998.02168501418
2010-07-22,C,7995.54388891453
2010-07-23,C,8007.28876356604
2010-07-24,C,8014.507263016
2010-07-25,C,8014.79086437115
2010-07-26,C,8033.29062431471
2010-07-27,C,7979.52074548056
2010-07-28,C,8002.33156035487
2010-07-29,C,8007.39042200915
2010-07-30,C,8006.11663053074
2010-07-31,C,8043.1289546136
2010-08-01,C,8007.72459336532
2010-08-02,C,8039.84700444078
2010-08-03,C,7975.2282320911
2010-08-04,C,7995.4639328424
2010-08-05,C,8012.1030579951
2010-08-06,C,8037.69339946265
2010-08-07,C,8003.56878895981
2010-08-08,C,8014.84793973135
2010-08-09,C,8004.90353951883
2010-08-10,C,8036.88816710134
2010-08-11,C,7996.7172397701
2010-08-12,C,7994.371530002
2010-08-13,C,8018.9550634763
2010-08-14,C,8038.56966936673
2010-08-15,C,8060.67971257235
2010-08-16,C,8004.26043332877
2010-08-17,C,8020.6834893921
2010-08-18,C,8026.02030454202
2010-08-19,C,8017.17900040588
2010-08-20,C,8040.16383468787
2010-08-21,C,8019.18769334587
2010-08-22,C,8025.01217539644
2010-08-23,C,8033.69503858364
2010-08-24,C,8041.9493366271
2010-08-25,C,8000.17801527557
2010-08-26,C,8022.33844491955
2010-08-27,C,7990.28924858565
2010-08-28,C,8016.74316509981
2010-08-29,C,8015.17959554908
2010-08-30,C,8016.71736761426
2010-08-31,C,8022.61509089187
2010-09-01,C,8022.26731400841
2010-09-02,C,8003.64923581597
2010-09-03,C,8044.80654756619
2010-09-04,C,8031.53483077057
2010-09-05,C,8060.26295144057
2010-09-06,C,8024.56648322496
2010-09-07,C,8026.61676365944
2010-09-08,C,8024.790510737
2010-09-09,C,8047.2866110902
2010-09-10,C,8046.96403530697
2010-09-11,C,8066.84384818673
2010-09-12,C,8030.78565639356
2010-09-13,C,8020.70312768283
2010-09-14,C,8046.45161811908
2010-09-15,C,8020.12747582188
2010-09-16,C,8024.41886197728
2010-09-17,C,8032.92548800912
2010-09-18,C,8035.3879637397
2010-09-19,C,8031.30469789376
2010-09-20,C,8014.78824568527
2010-09-21,C,8036.46242412221
2010-09-22,C,8007.07018926461
2010-09-23,C,8044.25888710474
2010-09-24,C,8025.6141206096
2010-09-25,C,8016.00990024957
2010-09-26,C,8056.59073089098
2010-09-27,C,8050.6770838638
2010-09-28,C,8032.14775990829
2010-09-29,C,8039.14097220052
2010-09-30,C,8043.68128048574
2010-10-01,C,8020.35993346479
2010-10-02,C,8074.53031983283
2010-10-03,C,8041.23824726211
2010-10-04,C,8031.70080971977
2010-10-05,C,8050.74286076353
2010-10-06,C,8023.9694603344
2010-10-07,C,8047.3279710976
2010-10-08,C,8032.82977861724
2010-10-09,C,8035.68131890075
2010-10-10,C,8027.67077103382
2010-10-11,C,8026.99718348457
2010-10-12,C,8014.92803575847
2010-10-13,C,8054.55255111082
2010-10-14,C,8047.48314347396
2010-10-15,C,8012.63602829493
2010-10-16,C,8065.1537155699
2010-10-17,C,8062.94308990417
2010-10-18,C,8010.75120770521
2010-10-19,C,8042.60006816136
2010-10-20,C,8072.52368732354
2010-10-21,C,8035.24017679043
2010-10-22,C,8031.0413757145
2010-10-23,C,8039.61408254604
2010-10-24,C,8039.2122809884
2010-10-25,C,8052.0120779891
2010-10-26,C,8058.13416715155
2010-10-27,C,8073.89933446707
2010-10-28,C,8050.17367940903
2010-10-29,C,8040.90955689901
2010-10-30,C,8060.81225136394
2010-10-31,C,8069.41777783303
2010-11-01,C,8068.66212134628
2010-11-02,C,8041.91508197937
2010-11-03,C,8074.29308725497
2010-11-04,C,8066.86297417159
2010-11-05,C,8030.00949491385
2010-11-06,C,8069.4535500164
2010-11-07,C,8062.87015431398
2010-11-08,C,8063.5853908563
2010-11-09,C,8049.16212138706
2010-11-10,C,8062.64511476995
2010-11-11,C,8052.74578246415
2010-11-12,C,8061.85768142447
2010-11-13,C,8046.95894539814
2010-11-14,C,8082.59427796493
2010-11-15,C,8073.28555706786
2010-11-16,C,8039.33531321266
2010-11-17,C,8040.73302805366
2010-11-18,C,8069.63484780633
2010-11-19,C,8065.2565297626
2010-11-20,C,8056.7973725124
2010-11-21,C,8068.77145836746
2010-11-22,C,8070.7158105205
2010-11-23,C,8075.21173393697
2010-11-24,C,8085.32405460458
2010-11-25,C,8109.8891382083
2010-11-26,C,8052.54236595242
2010-11-27,C,8076.23997193452
2010-11-28,C,8070.376809014
2010-11-29,C,8095.38959834471
2010-11-30,C,8060.64678365141
2010-12-01,C,8057.78973412187
2010-12-02,C,8082.32959066112
2010-12-03,C,8082.74013336554
2010-12-04,C,8058.38368531356
2010-12-05,C,8093.64919550655
2010-12-06,C,8064.68780733155
2010-12-07,C,8077.99623059337
2010-12-08,C,8087.09537586928
2010-12-09,C,8054.32094539022
2010-12-10,C,8066.32442688364
2010-12-11,C,8067.05088221982
2010-12-12,C,8081.43295511502
2010-12-13,C,8086.58228355529
2010-12-14,C,8042.90634101866
2010-12-15,C,8056.26225323888
2010-12-16,C,8073.37264977295
2010-12-17,C,8063.32353481498
2010-12-18,C,8100.32844272516
2010-12-19,C,8097.57511611735
2010-12-20,C,8066.06259610207
2010-12-21,C,8057.02728557441
2010-12-22,C,8073.04440158397
2010-12-23,C,8047.02986235388
2010-12-24,C,8100.62796764958
2010-12-25,C,8083.60217189093
2010-12-26,C,8116.55249221183
2010-12-27,C,8095.06664330725
2010-12-28,C,8061.99514338657
2010-12-29,C,8073.73765469435
2010-12-30,C,8081.0614426717
2010-12-31,C,8105.85708902249
